local-authority-code,official-name,la-deprivation-score,label,desc,low-deprivation,medium-deprivation,high-deprivation,density,la-imd-pop-quintile,la-imd-pop-decile
DRS,Derry City and Strabane District Council,62.310842986626255,1st IMD quintile,Councils in most deprived quintile (20%),0.0,0.14002141667327675,0.8599785833267233,120.79056754596323,1,1
BFS,Belfast City Council,55.48762251712829,1st IMD quintile,Councils in most deprived quintile (20%),0.018375412930627655,0.30866564417177916,0.6729589428975932,2482.31884057971,1,1
FMO,Fermanagh and Omagh District Council,48.63055912618788,1st IMD quintile,Councils in most deprived quintile (20%),0.0,0.05215458130680318,0.9478454186931968,40.96962290502793,1,1
NMD,"Newry, Mourne and Down District Council",48.61508761840621,1st IMD quintile,Councils in most deprived quintile (20%),0.0,0.18287982669796954,0.8171201733020305,108.0077288941736,1,1
CCG,Causeway Coast and Glens Borough Council,46.683862853538415,1st IMD quintile,Councils in most deprived quintile (20%),0.0,0.1902894658722981,0.8097105341277019,72.98237663645519,1,1
BPL,Blackpool Borough Council,45.48705725513819,1st IMD quintile,Councils in most deprived quintile (20%),0.042489565853448645,0.38860203949916095,0.5689083946473904,3953.7428571428572,1,1
KWL,Knowsley Metropolitan Borough Council,43.16548272593496,1st IMD quintile,Councils in most deprived quintile (20%),0.05929259853375933,0.3229772905039042,0.6177301109623364,1752.3218390804598,1,1
LIV,Liverpool City Council,42.536504286787064,1st IMD quintile,Councils in most deprived quintile (20%),0.11840166090410045,0.2712221057661804,0.6103762333297191,4468.517857142857,1,1
ABC,"Armagh City, Banbridge and Craigavon Borough Council",41.831160493199235,1st IMD quintile,Councils in most deprived quintile (20%),0.0,0.3931006482142607,0.6068993517857393,162.355754857997,1,1
MUL,Mid Ulster District Council,41.492461865382964,1st IMD quintile,Councils in most deprived quintile (20%),0.0,0.24183586350417544,0.7581641364958246,81.35062807209175,1,1
KHL,Hull City Council,40.63107646144015,1st IMD quintile,Councils in most deprived quintile (20%),0.10838485168105075,0.3429197237641371,0.5486954245548122,3598.972222222222,1,1
MDB,Middlesbrough Borough Council,40.38096358348702,1st IMD quintile,Councils in most deprived quintile (20%),0.2517520215633423,0.1767201021421478,0.5715278762945099,2616.3888888888887,1,1
MAN,Manchester City Council,39.820807429755924,1st IMD quintile,Councils in most deprived quintile (20%),0.045565045635588164,0.3871789862858094,0.5672559680786025,4790.870689655172,1,1
BUN,Burnley Borough Council,38.554301968061175,1st IMD quintile,Councils in most deprived quintile (20%),0.1488416554206028,0.3084570400359874,0.5427013045434098,804.9009009009009,1,1
BIR,Birmingham City Council,38.10821623448962,1st IMD quintile,Councils in most deprived quintile (20%),0.09584468951214556,0.3280502287583989,0.5761050817294555,4255.690298507463,1,1
MEA,Mid and East Antrim Borough Council,37.700025348951,1st IMD quintile,Councils in most deprived quintile (20%),0.0,0.5967044801838024,0.4032955198161976,131.67422096317281,1,1
BBD,Blackburn with Darwen Borough Council,36.19481978142368,1st IMD quintile,Councils in most deprived quintile (20%),0.20778778324070116,0.24861051731509193,0.5436016994442069,1095.109489051095,1,1
ANN,Antrim and Newtownabbey Borough Council,35.94093435253465,1st IMD quintile,Councils in most deprived quintile (20%),0.016743311036789298,0.5915621516164994,0.3916945373467113,251.76182136602452,1,1
AND,Ards and North Down Borough Council,35.823503630878164,1st IMD quintile,Councils in most deprived quintile (20%),0.0,0.5207564404833911,0.47924355951660885,286.31802120141344,1,1
LCR,Liverpool City Region,35.14974826911731,1st IMD quintile,Councils in most deprived quintile (20%),0.22485121719723983,0.3105558833337609,0.4645928994689993,2136.632513661202,1,1
SAW,Sandwell Metropolitan Borough Council,35.10112444207642,1st IMD quintile,Councils in most deprived quintile (20%),0.046956918861318316,0.393204445121023,0.5598386360176587,3826.0697674418607,1,1
HPL,Hartlepool Borough Council,34.960676467762084,1st IMD quintile,Councils in most deprived quintile (20%),0.27003192295783823,0.21673446291491838,0.5132336141272434,998.2553191489362,1,1
BRD,City of Bradford Metropolitan District Council,34.88322839474152,1st IMD quintile,Councils in most deprived quintile (20%),0.18934150462414037,0.32615381195162435,0.48450468342423525,1481.224043715847,1,1
NGM,Nottingham City Council,34.85831456293181,1st IMD quintile,Councils in most deprived quintile (20%),0.1071763292279964,0.3751096425352959,0.5177140282367078,4494.64,1,1
STE,Stoke-on-Trent City Council,34.85016334275963,1st IMD quintile,Councils in most deprived quintile (20%),0.1131662603607996,0.3629449049244271,0.5238888347147733,2759.3763440860216,1,1
RCH,Rochdale Metropolitan Borough Council,34.75680797349064,1st IMD quintile,Councils in most deprived quintile (20%),0.18601064690754096,0.35267431613402156,0.4613150369584375,1415.5632911392406,1,1
HYN,Hyndburn Borough Council,34.682468911565465,1st IMD quintile,Councils in most deprived quintile (20%),0.20524906531100773,0.29778019076292833,0.49697074392606394,1111.4109589041095,1,2
HAS,Hastings Borough Council,34.57192434789178,1st IMD quintile,Councils in most deprived quintile (20%),0.12430256526478238,0.43839371472356226,0.4373037200116554,3085.133333333333,1,2
SLF,Salford City Council,34.33304038495716,1st IMD quintile,Councils in most deprived quintile (20%),0.15961195206193932,0.379490329709389,0.46089771822867165,2708.216494845361,1,2
OLD,Oldham Metropolitan Borough Council,33.83780249251402,1st IMD quintile,Councils in most deprived quintile (20%),0.21433511872126862,0.27426932647294505,0.5113955548057864,1673.4366197183099,1,2
GRY,Great Yarmouth Borough Council,33.29233555810582,1st IMD quintile,Councils in most deprived quintile (20%),0.13386888942578723,0.4815072078601917,0.3846239027140211,570.1034482758621,1,2
BDG,London Borough of Barking and Dagenham,32.72231926765802,1st IMD quintile,Councils in most deprived quintile (20%),0.0,0.54030886870262,0.45969113129738004,5947.416666666667,1,2
HCK,London Borough of Hackney,32.56071419678429,1st IMD quintile,Councils in most deprived quintile (20%),0.0,0.6280983210017075,0.3719016789982925,14786.368421052632,1,2
WLV,City of Wolverhampton Council,32.53454664580778,1st IMD quintile,Councils in most deprived quintile (20%),0.1697201897044696,0.3125719080943358,0.5177079022011946,3831.985507246377,1,2
HAL,Halton Borough Council,32.33652536898231,1st IMD quintile,Councils in most deprived quintile (20%),0.28724209875589213,0.23606367359554903,0.47669422764855884,1642.5189873417721,1,2
WLL,Walsall Metropolitan Borough Council,32.17597533610296,1st IMD quintile,Councils in most deprived quintile (20%),0.22419941291448028,0.2545835405880663,0.5212170464974534,2756.8846153846152,1,2
WMCA,West Midlands Combined Authority,32.128698761384314,1st IMD quintile,Councils in most deprived quintile (20%),0.1895969120997394,0.35320727503182414,0.4571958128684364,3259.3425720620844,1,2
BGW,Blaenau Gwent County Borough Council,31.98478372220768,1st IMD quintile,Councils in most deprived quintile (20%),0.016919069021785808,0.5739887206206521,0.40909221035756205,642.3853211009174,1,2
GLG,Glasgow City Council,31.920089483210823,1st IMD quintile,Councils in most deprived quintile (20%),0.2786517563810968,0.30442886024766236,0.41691938337124085,3632.2285714285713,1,2
SHN,St Helens Council,31.788258675969765,1st IMD quintile,Councils in most deprived quintile (20%),0.22953733698812193,0.3622338510950522,0.40822881191682586,1331.5808823529412,1,2
STY,South Tyneside Council,31.715865058022466,1st IMD quintile,Councils in most deprived quintile (20%),0.18022732089868587,0.3758478168715557,0.44392486222975835,2361.453125,1,2
TAM,Tameside Metropolitan Borough Council,31.66438354827743,1st IMD quintile,Councils in most deprived quintile (20%),0.1550379040411845,0.4079154764164897,0.4370466195423258,2205.019417475728,1,2
THA,Thanet District Council,31.44299463085357,1st IMD quintile,Councils in most deprived quintile (20%),0.18111356942545906,0.4632403714716534,0.3556460591028875,1360.173076923077,1,2
NEL,North East Lincolnshire Council,31.342407130725793,1st IMD quintile,Councils in most deprived quintile (20%),0.35128444564216016,0.28159410389626666,0.3671214504615732,825.720207253886,1,2
PEN,Pendle Borough Council,31.17465717821782,1st IMD quintile,Councils in most deprived quintile (20%),0.2187988535695675,0.3840433385443808,0.39715780788605176,545.2366863905326,1,2
BOL,Bolton Metropolitan Borough Council,31.13011120848548,1st IMD quintile,Councils in most deprived quintile (20%),0.27354199269692225,0.28520605112154407,0.4412519561815336,2058.9142857142856,1,2
TVCA,Tees Valley Combined Authority,30.91782305338904,1st IMD quintile,Councils in most deprived quintile (20%),0.32286846247618145,0.28384747848934233,0.3932840590344762,851.7861635220125,1,2
LCE,Leicester City Council,30.85077790324766,1st IMD quintile,Councils in most deprived quintile (20%),0.11075195356610507,0.5414031799087583,0.34784486652513663,4849.808219178082,1,2
SND,Sunderland City Council,30.691123656397973,1st IMD quintile,Councils in most deprived quintile (20%),0.21465583983003547,0.39367674330674635,0.39166741686321815,2028.0729927007299,1,2
DNC,Doncaster Metropolitan Borough Council,30.49772315880599,1st IMD quintile,Councils in most deprived quintile (20%),0.23379396582128315,0.38910513322004553,0.3771009009586713,550.6778169014085,1,2
TEN,Tendring District Council,30.49612584521121,1st IMD quintile,Councils in most deprived quintile (20%),0.161605065467621,0.5617933829599961,0.2766015515723828,438.55059523809524,1,2
GMCA,Greater Manchester Combined Authority,30.29490712547158,1st IMD quintile,Councils in most deprived quintile (20%),0.2626581363380854,0.35063473177213555,0.38670713188977907,2233.9498039215687,1,2
BNS,Barnsley Metropolitan Borough Council,30.00411464519213,1st IMD quintile,Councils in most deprived quintile (20%),0.17892297845794886,0.45702121798870643,0.3640558035533447,754.0151975683891,1,2
NET,Newcastle City Council,29.949040297866716,1st IMD quintile,Councils in most deprived quintile (20%),0.28533121986658744,0.34980516478436036,0.36486361534905226,2715.2566371681414,1,2
ELI,East Lindsey District Council,29.844699584412286,1st IMD quintile,Councils in most deprived quintile (20%),0.18037494619938332,0.5010336774220862,0.3185913763785306,80.37917374080362,1,2
MTY,Merthyr Tydfil County Borough Council,29.835047029874808,1st IMD quintile,Councils in most deprived quintile (20%),0.10667042402944005,0.5979511321818122,0.2953784437887478,544.3603603603603,1,2
WRL,Wirral Borough Council,29.793185169639305,1st IMD quintile,Councils in most deprived quintile (20%),0.3422476397406261,0.31475165966587554,0.34300070059349835,2014.5093167701864,1,2
RCC,Redcar and Cleveland Borough Council,29.791865154939845,1st IMD quintile,Councils in most deprived quintile (20%),0.2806416332482683,0.36024790375501275,0.3591104629967189,560.1142857142858,1,2
ROT,Rotherham Metropolitan Borough Council,29.7412722569901,1st IMD quintile,Councils in most deprived quintile (20%),0.2718651450015259,0.3726032455324007,0.3555316094660734,923.2891986062717,1,2
PRE,Preston City Council,29.614644727005977,1st IMD quintile,Councils in most deprived quintile (20%),0.26419813462814823,0.3095888496873581,0.42621301568449366,1015.1197183098592,1,2
IVC,Inverclyde Council,29.555251163325117,1st IMD quintile,Councils in most deprived quintile (20%),0.37169665809768637,0.2153470437017995,0.41295629820051416,481.625,1,2
LBC,Lisburn and Castlereagh City Council,29.500533368302182,2nd IMD quintile,Councils in second most deprived quintile (20%),0.0,0.7391266718595005,0.26087332814049946,289.4308300395257,2,3
NWM,London Borough of Newham,29.404628489468585,2nd IMD quintile,Councils in second most deprived quintile (20%),0.010256729739985388,0.7723555364252663,0.21738773383474827,9868.5,2,3
WDU,West Dunbartonshire Council,29.016676482041536,2nd IMD quintile,Councils in second most deprived quintile (20%),0.20974924097604858,0.4231305521196447,0.36712020690430675,555.5974842767296,2,3
SCR,South Yorkshire Mayoral Combined Authority,28.93824727541128,2nd IMD quintile,Councils in second most deprived quintile (20%),0.2742693503285972,0.3691423826489333,0.35658826702246954,911.7615979381443,2,3
WYCA,West Yorkshire Combined Authority,28.75678036921391,2nd IMD quintile,Councils in second most deprived quintile (20%),0.29071597521767706,0.3576699197288367,0.3516141050534862,1155.2881773399015,2,3
NECA,North East Combined Authority,28.52562229956152,2nd IMD quintile,Councils in second most deprived quintile (20%),0.2266817708019262,0.4396380176253198,0.33368021157275396,453.124951342935,2,3
MAS,Mansfield District Council,28.508844565605187,2nd IMD quintile,Councils in second most deprived quintile (20%),0.25316293578988774,0.34854957781782586,0.3982874863922864,1420.142857142857,2,3
GAT,Gateshead Metropolitan Borough Council,28.340326975328498,2nd IMD quintile,Councils in second most deprived quintile (20%),0.22782905644502735,0.4724802652743065,0.29969067828066615,1422.1830985915492,2,3
TOB,Torbay Council,28.21644415986614,2nd IMD quintile,Councils in second most deprived quintile (20%),0.21686578993718075,0.5493820818411319,0.2337521282216873,2162.190476190476,2,3
HRY,London Borough of Haringey,28.130705528072156,2nd IMD quintile,Councils in second most deprived quintile (20%),0.1487639914088004,0.5333839573864588,0.3178520512047408,8878.566666666668,2,3
NTL,Neath Port Talbot County Borough Council,28.03591706182188,2nd IMD quintile,Councils in second most deprived quintile (20%),0.21121306213585458,0.472476712137599,0.31631022572654643,327.40589569161,2,3
PTE,Peterborough City Council,27.880698124681718,2nd IMD quintile,Councils in second most deprived quintile (20%),0.21171369382821037,0.39284284012083515,0.3954434660509545,590.7463556851312,2,3
DND,Dundee City Council,27.750628734912283,2nd IMD quintile,Councils in second most deprived quintile (20%),0.3556723814626306,0.3030873292258237,0.34124028931154565,2480.3333333333335,2,3
LDS,Leeds City Council,27.68480163502236,2nd IMD quintile,Councils in second most deprived quintile (20%),0.3540287389726139,0.32002839350983875,0.32594286751754736,1447.0760869565217,2,3
SWL,Swale Borough Council,27.598931124318707,2nd IMD quintile,Councils in second most deprived quintile (20%),0.24078836902493303,0.5167641689209899,0.2424474620540771,404.8659517426274,2,3
NOW,Norwich City Council,27.56683175289707,2nd IMD quintile,Councils in second most deprived quintile (20%),0.2504108185782476,0.37238303230350067,0.37720614911825173,3645.5641025641025,2,3
TWH,London Borough of Tower Hamlets,27.521556559762274,2nd IMD quintile,Councils in second most deprived quintile (20%),0.12821752451923818,0.6023187423978814,0.2694637330828804,16598.45,2,3
ISL,London Borough of Islington,27.448605092651782,2nd IMD quintile,Councils in second most deprived quintile (20%),0.07710740018229285,0.696911332263772,0.22598126755393516,16541.0,2,3
WKF,Wakefield Metropolitan District Council,27.369309972093987,2nd IMD quintile,Councils in second most deprived quintile (20%),0.265477502928409,0.4263907071820667,0.30813178988952433,1037.1445427728613,2,3
RCT,Rhondda Cynon Taf County Borough Council,27.30159914517987,2nd IMD quintile,Councils in second most deprived quintile (20%),0.22159543073148086,0.5063830492738245,0.2720215199946946,570.4551886792453,2,3
SHF,Sheffield City Council,27.292290067760614,2nd IMD quintile,Councils in second most deprived quintile (20%),0.33719071287998864,0.31983250492003973,0.34297678219997163,1601.125,2,3
NWP,Newport City Council,27.276517596860685,2nd IMD quintile,Councils in second most deprived quintile (20%),0.30018878171144847,0.34617523080503765,0.35363598748351394,823.4052631578948,2,3
POR,Portsmouth City Council,27.274293878690585,2nd IMD quintile,Councils in second most deprived quintile (20%),0.1428677787859752,0.616211814522696,0.24092040669132872,5367.3,2,3
SFT,Sefton Metropolitan Borough Council,27.25746748308672,2nd IMD quintile,Councils in second most deprived quintile (20%),0.33712962627980175,0.3708440360334286,0.29202633768676967,1757.3184713375797,2,3
NAY,North Ayrshire Council,27.03259516619809,2nd IMD quintile,Councils in second most deprived quintile (20%),0.3130770372569393,0.3340730295383702,0.3528499332046905,151.6949152542373,2,3
STH,Southampton City Council,26.88257812054491,2nd IMD quintile,Councils in second most deprived quintile (20%),0.20523126881039125,0.5187311896087439,0.2760375415808649,5057.44,2,3
DER,Derby City Council,26.78383416374533,2nd IMD quintile,Councils in second most deprived quintile (20%),0.30451376203838293,0.3355434470000233,0.35994279096159376,3292.4871794871797,2,3
LIC,City of Lincoln Council,26.78136226950926,2nd IMD quintile,Councils in second most deprived quintile (20%),0.2656824338613682,0.4540226991208371,0.28029486701779477,2779.1388888888887,2,3
PLY,Plymouth City Council,26.74908324303701,2nd IMD quintile,Councils in second most deprived quintile (20%),0.29104921785578025,0.4282144219763449,0.28073636016787484,3285.4875,2,3
LEW,London Borough of Lewisham,26.743396368059326,2nd IMD quintile,Councils in second most deprived quintile (20%),0.08370988942002733,0.7142119133408753,0.2020781972390973,8723.114285714286,2,3
DUR,Durham County Council,26.553178170286778,2nd IMD quintile,Councils in second most deprived quintile (20%),0.24577527759227608,0.46936581059208365,0.28485891181564027,239.50988319856245,2,4
CLD,Calderdale Metropolitan Borough Council,26.492248970230072,2nd IMD quintile,Councils in second most deprived quintile (20%),0.28405570925255963,0.40992173275637844,0.3060225579910619,580.8763736263736,2,4
ASH,Ashfield District Council,26.403706343126068,2nd IMD quintile,Councils in second most deprived quintile (20%),0.19422598852389814,0.5462561953751622,0.25951781610093966,1166.7,2,4
BST,Bristol City Council,26.384323311256278,2nd IMD quintile,Councils in second most deprived quintile (20%),0.29089057074477154,0.4431963606307607,0.2659130686244678,4235.145454545454,2,4
NLK,North Lanarkshire Council,26.232545065727805,2nd IMD quintile,Councils in second most deprived quintile (20%),0.29402115007176965,0.4093124761988458,0.29666637372938454,725.8297872340426,2,4
LUT,Luton Borough Council,26.092169648724255,2nd IMD quintile,Councils in second most deprived quintile (20%),0.16404445862981806,0.5394598501774215,0.2964956911927605,4965.767441860465,2,4
IPS,Ipswich Borough Council,26.071824282573605,2nd IMD quintile,Councils in second most deprived quintile (20%),0.2731150438599695,0.4127219475141148,0.31416300862591573,3399.475,2,4
COV,Coventry City Council,26.03264564318033,2nd IMD quintile,Councils in second most deprived quintile (20%),0.2483681945300535,0.5062028795142132,0.24542892595573332,3832.191919191919,2,4
WGN,Wigan Metropolitan Borough Council,25.922569493887337,2nd IMD quintile,Councils in second most deprived quintile (20%),0.3643652141105452,0.33102092727482946,0.30461385861462537,1759.1063829787233,2,4
ENF,London Borough of Enfield,25.85252469187583,2nd IMD quintile,Councils in second most deprived quintile (20%),0.23687064476892933,0.46971485407167296,0.2934145011593977,4118.358024691358,2,4
STT,Stockton-on-Tees Borough Council,25.83641617852727,2nd IMD quintile,Councils in second most deprived quintile (20%),0.41829154589861567,0.29323327320266734,0.288475180898717,963.0195121951219,2,4
SWK,London Borough of Southwark,25.735333823667787,2nd IMD quintile,Councils in second most deprived quintile (20%),0.1357055484113791,0.6790860333092871,0.18520841827933382,11035.068965517241,2,4
DAL,Darlington Borough Council,25.71620211042761,2nd IMD quintile,Councils in second most deprived quintile (20%),0.3409829311910714,0.3686600563654579,0.2903570124434707,545.1878172588832,2,4
BEN,London Borough of Brent,25.649944149121666,2nd IMD quintile,Councils in second most deprived quintile (20%),0.10916666413966056,0.7306888719747946,0.16014446388554482,7622.162790697675,2,4
FEN,Fenland District Council,25.61847238095238,2nd IMD quintile,Councils in second most deprived quintile (20%),0.16674521354933727,0.6452626411389298,0.18799214531173294,186.95970695970695,2,4
EAY,East Ayrshire Council,25.498481530532473,2nd IMD quintile,Councils in second most deprived quintile (20%),0.32044914351282683,0.4055077452667814,0.27404311122039177,96.35499207606973,2,4
CAY,Caerphilly County Borough Council,25.472902603782966,2nd IMD quintile,Councils in second most deprived quintile (20%),0.21707579732155186,0.5610603341156979,0.22186386856275025,656.0685920577617,2,4
LBH,London Borough of Lambeth,25.384398857174407,2nd IMD quintile,Councils in second most deprived quintile (20%),0.08596956145678059,0.7625983793101333,0.1514320592330861,11919.0,2,4
KIR,Kirklees Council,25.358402535773,2nd IMD quintile,Councils in second most deprived quintile (20%),0.32414782610672893,0.3846862231034569,0.29116595078981417,1078.9486552567237,2,4
WFT,London Borough of Waltham Forest,25.23059730380565,2nd IMD quintile,Councils in second most deprived quintile (20%),0.0696107703360856,0.778202994407599,0.15218623525631536,7101.025641025641,2,4
BOS,Bolsover District Council,25.049174337777117,2nd IMD quintile,Councils in second most deprived quintile (20%),0.16628186986420396,0.6360070504704451,0.1977110796653509,508.15625,2,4
TFW,Telford & Wrekin Council,25.003029585107925,2nd IMD quintile,Councils in second most deprived quintile (20%),0.3472205233133542,0.4250614387225194,0.22771803796412646,625.248275862069,2,4
CHS,Chesterfield Borough Council,24.96043261201144,2nd IMD quintile,Councils in second most deprived quintile (20%),0.2861296472831268,0.4344041944709247,0.2794661582459485,1589.8484848484848,2,4
NTCA,North of Tyne Combined Authority,24.94658868030059,2nd IMD quintile,Councils in second most deprived quintile (20%),0.3547164013937182,0.38817067886750195,0.25711291973877987,160.98082454458293,2,4
TOF,Torfaen County Borough Council,24.533779595572575,2nd IMD quintile,Councils in second most deprived quintile (20%),0.2519981694532838,0.49107608475857006,0.25692574578814614,752.6349206349206,2,4
DUD,Dudley Metropolitan Borough Council,24.400061779375367,2nd IMD quintile,Councils in second most deprived quintile (20%),0.33873866590380475,0.3916591002375651,0.2696022338586301,3289.418367346939,2,4
GRE,Royal Borough of Greenwich,24.317908585756854,2nd IMD quintile,Councils in second most deprived quintile (20%),0.18529078772808413,0.6714824513270033,0.14322676094491252,6149.659574468085,2,4
MDW,Medway Council,24.06391908269791,2nd IMD quintile,Councils in second most deprived quintile (20%),0.3227537730294806,0.4625461307600626,0.2147000962104568,1438.8762886597938,2,4
LAC,Lancaster City Council,24.024432983196153,3rd IMD quintile,Councils in middle deprivation quintile (20%),0.3678152261740095,0.4267656363412263,0.20541913748476423,261.23280423280426,3,5
BUR,Bury Metropolitan Borough Council,24.02182462956176,3rd IMD quintile,Councils in middle deprivation quintile (20%),0.35719147599350753,0.4143672443583434,0.22844127964814911,1926.3434343434344,3,5
SHE,Folkestone and Hythe District Council,24.007313736769444,3rd IMD quintile,Councils in middle deprivation quintile (20%),0.2605136465007611,0.552603631986973,0.18688272151226593,317.42296918767505,3,5
ROS,Rossendale Borough Council,23.967281791220167,3rd IMD quintile,Councils in middle deprivation quintile (20%),0.3172127248817884,0.5264402227134104,0.1563470524048012,517.6231884057971,3,5
KIN,Borough Council of Kings Lynn and West Norfolk,23.883172476433945,3rd IMD quintile,Councils in middle deprivation quintile (20%),0.14253912262275156,0.7149944181314943,0.14246645924575416,105.03125,3,5
DEN,Denbighshire County Council,23.87482488398708,3rd IMD quintile,Councils in middle deprivation quintile (20%),0.2903883129911386,0.5546835813409129,0.1549281056679485,115.48864994026285,3,5
CRF,City of Cardiff Council,23.81254032619445,3rd IMD quintile,Councils in middle deprivation quintile (20%),0.39466016903650286,0.349498368778669,0.2558414621848281,2618.45390070922,3,5
CLK,Clackmannanshire Council,23.653339631423187,3rd IMD quintile,Councils in middle deprivation quintile (20%),0.37068296468762124,0.3737291424136593,0.2555878928987194,322.57861635220127,3,5
NUN,Nuneaton and Bedworth Borough Council,23.631202528429434,3rd IMD quintile,Councils in middle deprivation quintile (20%),0.303750298345434,0.49647759906993216,0.19977210258463388,1650.2911392405063,3,5
LAN,Lancashire County Council,23.505114013046413,3rd IMD quintile,Councils in middle deprivation quintile (20%),0.40951664987428255,0.35686863163521204,0.2336147184905054,424.00691085003456,3,5
BAI,Basildon Borough Council,23.382426273644622,3rd IMD quintile,Councils in middle deprivation quintile (20%),0.3447828246945764,0.43526407726537003,0.21995309804005364,1705.0727272727272,3,5
IOW,Isle of Wight Council,23.34852979805461,3rd IMD quintile,Councils in middle deprivation quintile (20%),0.22541281362196783,0.6480874085673375,0.1264997778106947,374.46315789473687,3,5
TOR,Torridge District Council,23.23329084330643,3rd IMD quintile,Councils in middle deprivation quintile (20%),0.13535090160692576,0.800914058036826,0.06373504035624826,69.83638211382114,3,5
CON,Cornwall Council,23.063352023779007,3rd IMD quintile,Councils in middle deprivation quintile (20%),0.18486844646387326,0.6932729143330676,0.1218586392030591,161.72045133991537,3,5
BOT,Boston Borough Council,23.016023940831946,3rd IMD quintile,Councils in middle deprivation quintile (20%),0.2359882005899705,0.6885126758154846,0.07549912359454491,194.60714285714286,3,5
CBD,Cumberland Council,22.981325960775173,3rd IMD quintile,Councils in middle deprivation quintile (20%),0.32010909541114696,0.5094420694627524,0.1704488351261006,91.10092961487383,3,5
SWA,City and County of Swansea Council,22.96148318352931,3rd IMD quintile,Councils in middle deprivation quintile (20%),0.39401926370382967,0.38998676075840205,0.21599397553776828,652.2830687830688,3,5
SLG,Slough Borough Council,22.932865245855595,3rd IMD quintile,Councils in middle deprivation quintile (20%),0.14765378931248704,0.7728284929015173,0.07951771778599563,4532.636363636364,3,5
WYE,Wyre Forest District Council,22.784010227957076,3rd IMD quintile,Councils in middle deprivation quintile (20%),0.354256547965762,0.42860668766227994,0.21713676437195803,518.6615384615385,3,5
BAE,Bassetlaw District Council,22.776074068398337,3rd IMD quintile,Councils in middle deprivation quintile (20%),0.36320758732834435,0.4443593083544045,0.19243310431725114,185.39184952978056,3,5
EAL,London Borough of Ealing,22.775640901564046,3rd IMD quintile,Councils in middle deprivation quintile (20%),0.23266121718167615,0.629210721871471,0.1381280609468529,6077.517857142857,3,5
CRY,London Borough of Croydon,22.675672258281402,3rd IMD quintile,Councils in middle deprivation quintile (20%),0.28834268573349536,0.5393136976028549,0.17234361666364975,4518.174418604651,3,5
SOS,Southend-on-Sea Borough Council,22.64538234539249,3rd IMD quintile,Councils in middle deprivation quintile (20%),0.4047071672354949,0.37356996587030716,0.22172286689419796,4351.738095238095,3,5
RED,Redditch Borough Council,22.542838026764873,3rd IMD quintile,Councils in middle deprivation quintile (20%),0.4087566413717878,0.3324145858012456,0.2588287728269666,1584.5925925925926,3,5
BGE,Bridgend County Borough Council,22.430831168071006,3rd IMD quintile,Councils in middle deprivation quintile (20%),0.4035729586736394,0.4204924888982584,0.1759345524281022,587.8047808764941,3,5
DOV,Dover District Council,22.396161405558235,3rd IMD quintile,Councils in middle deprivation quintile (20%),0.32286190754332056,0.4869001362893737,0.1902379561673058,376.2349206349206,3,5
NLN,North Lincolnshire Council,22.31556902816149,3rd IMD quintile,Councils in middle deprivation quintile (20%),0.38925777168992176,0.39592087850857843,0.21482134980149978,203.95277449822905,3,5
HMF,London Borough of Hammersmith & Fulham,22.306929335702673,3rd IMD quintile,Councils in middle deprivation quintile (20%),0.2641309690347461,0.5863575722549597,0.1495114587102942,11471.5,3,5
NTY,North Tyneside Council,22.17242512012236,3rd IMD quintile,Councils in middle deprivation quintile (20%),0.4349319186390461,0.36642730372800164,0.19864077763295224,2547.2073170731705,3,5
CMN,Carmarthenshire County Council,22.164978269966934,3rd IMD quintile,Councils in middle deprivation quintile (20%),0.16949107648950315,0.750311223651938,0.08019769985855878,80.19957805907173,3,5
EAS,Eastbourne Borough Council,22.14463765000723,3rd IMD quintile,Councils in middle deprivation quintile (20%),0.28472697479396597,0.5326714540459782,0.1826015711600559,2348.2727272727275,3,5
NBL,Northumberland County Council,22.03728714713709,3rd IMD quintile,Councils in middle deprivation quintile (20%),0.36815596370109854,0.43822301618315684,0.1936210201157446,64.50597609561753,3,5
RFW,Renfrewshire Council,21.992960382141302,3rd IMD quintile,Councils in middle deprivation quintile (20%),0.438391959798995,0.3331993299832496,0.22840871021775544,687.3180076628353,3,5
GLO,Gloucester City Council,21.936648426367636,3rd IMD quintile,Councils in middle deprivation quintile (20%),0.4543166470478905,0.2860030357474754,0.25968031720463414,3163.6341463414633,3,5
GLA,Greater London Authority,21.839303723090936,3rd IMD quintile,Councils in middle deprivation quintile (20%),0.3081655199532157,0.5493858561977704,0.14244862384901388,5726.773536895675,3,5
HAA,Havant Borough Council,21.804497377594675,3rd IMD quintile,Councils in middle deprivation quintile (20%),0.4390667089209317,0.2771034701315164,0.2838298209475519,2256.0535714285716,3,5
GRA,Gravesham Borough Council,21.76374323679855,3rd IMD quintile,Councils in middle deprivation quintile (20%),0.3766165758048981,0.42361533210521884,0.19976809208988303,1079.6969696969697,3,5
HNS,London Borough of Hounslow,21.560903319424135,3rd IMD quintile,Councils in middle deprivation quintile (20%),0.19478276241791673,0.7257801364893581,0.07943710109272512,4852.982142857143,3,5
HAR,Harlow District Council,21.329900949843225,3rd IMD quintile,Councils in middle deprivation quintile (20%),0.20837975352314883,0.7916202464768511,0.0,2815.483870967742,3,5
KEC,Royal Borough of Kensington and Chelsea,21.22988761857182,3rd IMD quintile,Councils in middle deprivation quintile (20%),0.4214463680674314,0.38712218742193955,0.19143144451062902,13072.0,3,6
THR,Thurrock Council,21.12983203606725,3rd IMD quintile,Councils in middle deprivation quintile (20%),0.32766245461480664,0.568495075742367,0.10384246964282641,1070.310975609756,3,6
NFK,Norfolk County Council,21.109492537675155,3rd IMD quintile,Councils in middle deprivation quintile (20%),0.33987617872565434,0.5202057812637702,0.13991804001057548,169.76950222882616,3,6
SKP,Stockport Metropolitan Borough Council,21.09180270121974,3rd IMD quintile,Councils in middle deprivation quintile (20%),0.47591020472151124,0.3588369009927647,0.165252894285724,2334.8968253968255,3,6
TAW,Tamworth Borough Council,21.006838466152082,3rd IMD quintile,Councils in middle deprivation quintile (20%),0.3377881506206321,0.4900125169500365,0.1721993324293314,2479.483870967742,3,6
SLK,South Lanarkshire Council,20.97166888909328,3rd IMD quintile,Councils in middle deprivation quintile (20%),0.4283062427853867,0.40308551461641656,0.16860824259819673,181.04966139954854,3,6
NNO,North Norfolk District Council,20.96941933668457,3rd IMD quintile,Councils in middle deprivation quintile (20%),0.10537310300752598,0.8836574873374858,0.01096940965498822,108.86853002070393,3,6
WRX,Wrexham County Borough Council,20.960807071082222,3rd IMD quintile,Councils in middle deprivation quintile (20%),0.38790941253484557,0.49219973962355745,0.11989084784159698,269.9503968253968,3,6
PEM,Pembrokeshire County Council,20.9014417006024,3rd IMD quintile,Councils in middle deprivation quintile (20%),0.2597482077286239,0.6288209954060627,0.11143079686531339,78.3380716934487,3,6
BNH,Brighton and Hove City Council,20.88944106433814,3rd IMD quintile,Councils in middle deprivation quintile (20%),0.44765800917888515,0.39598810526496725,0.15635388555614763,3514.9156626506024,3,6
WYR,Wyre Borough Council,20.76716669491752,3rd IMD quintile,Councils in middle deprivation quintile (20%),0.49168086643887554,0.35787886627829174,0.1504402672828327,400.9468085106383,3,6
GOS,Gosport Borough Council,20.680427402814775,3rd IMD quintile,Councils in middle deprivation quintile (20%),0.3935264857728848,0.4406987434875881,0.1657747707395271,3387.16,3,6
WOC,Worcester City Council,20.556707919227044,3rd IMD quintile,Councils in middle deprivation quintile (20%),0.4754697595384403,0.3489853984311711,0.17554484203038864,3038.3333333333335,3,6
SAY,South Ayrshire Council,20.52154681436942,3rd IMD quintile,Councils in middle deprivation quintile (20%),0.3986146878607584,0.47042891395080366,0.13095639818843796,91.76759410801964,3,6
WLI,West Lindsey District Council,20.50873368037045,3rd IMD quintile,Councils in middle deprivation quintile (20%),0.43044100891634524,0.39937491506998235,0.17018407601367241,83.20588235294117,3,6
CAN,Cannock Chase District Council,20.45915396677319,3rd IMD quintile,Councils in middle deprivation quintile (20%),0.36305353208550845,0.5358071495206527,0.10113931839383895,1284.607594936709,3,6
NDE,North Devon District Council,20.403279736476403,3rd IMD quintile,Councils in middle deprivation quintile (20%),0.3637037418292244,0.5227546451181224,0.11354161305265326,90.39594843462247,3,6
LIN,Lincolnshire County Council,20.252561606045003,3rd IMD quintile,Councils in middle deprivation quintile (20%),0.4244690130631719,0.44522243124231503,0.13030855569451305,129.0774802088597,3,6
CMD,London Borough of Camden,20.026171159393993,3rd IMD quintile,Councils in middle deprivation quintile (20%),0.36561258235226585,0.5088934892178247,0.1254939284299094,12705.272727272728,3,6
WSM,City of Westminster,19.99017473413517,3rd IMD quintile,Councils in middle deprivation quintile (20%),0.42026351136741963,0.45401562087426384,0.12572086775831653,12849.904761904761,3,6
STV,Stevenage Borough Council,19.857026501223746,3rd IMD quintile,Councils in middle deprivation quintile (20%),0.20623826057259947,0.7513233536342422,0.0424383857931584,3388.6153846153848,3,6
CWY,Conwy County Borough Council,19.831541384430647,3rd IMD quintile,Councils in middle deprivation quintile (20%),0.37974283934711567,0.5178792351731611,0.10237792547972321,104.95914742451154,3,6
BRE,Breckland District Council,19.831351508916324,3rd IMD quintile,Councils in middle deprivation quintile (20%),0.3281178555098308,0.5785536694101509,0.09332847508001829,108.24137931034483,3,6
ROH,Rother District Council,19.804242412572858,3rd IMD quintile,Councils in middle deprivation quintile (20%),0.36101165695253956,0.5378538717735221,0.10113447127393839,190.01178781925344,3,6
ESX,East Sussex County Council,19.79115640786822,3rd IMD quintile,Councils in middle deprivation quintile (20%),0.44058905764057504,0.4214945740440645,0.13791636831536047,327.0052662375658,3,6
AGY,Isle of Anglesey County Council,19.77929441595097,3rd IMD quintile,Councils in middle deprivation quintile (20%),0.2844252816127236,0.601958796739146,0.11361592164813043,98.93258426966293,3,6
RDG,Reading Borough Council,19.74339741624428,3rd IMD quintile,Councils in middle deprivation quintile (20%),0.3468846581777723,0.5735999505501298,0.0795153912720979,4008.425,3,6
KEN,Kent County Council,19.723459039995447,3rd IMD quintile,Councils in middle deprivation quintile (20%),0.4449488003894901,0.4145160933385181,0.1405351062719918,448.37951467268624,3,6
FIF,Fife Council,19.71577230932644,3rd IMD quintile,Councils in middle deprivation quintile (20%),0.46862267434078436,0.3601017266764824,0.17127559898273323,282.3622641509434,3,6
ESK,East Suffolk Council,19.65232907749107,3rd IMD quintile,Councils in middle deprivation quintile (20%),0.42550538962002077,0.4496213837032642,0.124873226676715,198.5511498810468,3,6
NNT,North Northamptonshire Council,19.619687044120518,3rd IMD quintile,Councils in middle deprivation quintile (20%),0.4838984803060064,0.38631011865789083,0.1297914010361028,355.06382978723406,3,6
DAR,Dartford Borough Council,19.466827966538194,3rd IMD quintile,Councils in middle deprivation quintile (20%),0.3691099941388558,0.510763192014635,0.12012681384650907,1562.3424657534247,3,6
FAL,Falkirk Council,19.368259633439422,3rd IMD quintile,Councils in middle deprivation quintile (20%),0.4310584871651439,0.448747591522158,0.12019392131269811,540.6060606060606,3,6
WLN,West Lothian Council,19.350256386417623,3rd IMD quintile,Councils in middle deprivation quintile (20%),0.4608738394320044,0.4215346805024577,0.11759148006553796,429.4859813084112,3,6
NEA,Newark and Sherwood District Council,19.269175754159825,3rd IMD quintile,Councils in middle deprivation quintile (20%),0.4088922652159352,0.44786433700100475,0.14324339778306008,189.13517665130567,3,6
NEC,Newcastle-under-Lyme Borough Council,19.121275778153755,3rd IMD quintile,Councils in middle deprivation quintile (20%),0.4457552089368902,0.4570653811388973,0.09717940992421258,614.2654028436019,3,6
EST,East Staffordshire Borough Council,19.11532140888822,3rd IMD quintile,Councils in middle deprivation quintile (20%),0.4434924929438683,0.3838869682849842,0.17262053877114752,312.4625322997416,3,6
WRT,Warrington Borough Council,19.102023684135343,3rd IMD quintile,Councils in middle deprivation quintile (20%),0.5553439294523222,0.2617111240203034,0.18294494652737436,1156.889502762431,3,6
NTT,Nottinghamshire County Council,19.048073703490843,3rd IMD quintile,Councils in middle deprivation quintile (20%),0.47160792249439765,0.37636919480720193,0.15202288269840042,399.7011990407674,3,6
CRW,Crawley Borough Council,18.96680220444982,3rd IMD quintile,Councils in middle deprivation quintile (20%),0.28027115266571184,0.7046321913725769,0.015096655961711251,2499.4222222222224,3,6
DGY,Dumfries and Galloway Council,18.94920476589121,3rd IMD quintile,Councils in middle deprivation quintile (20%),0.35929060862555423,0.5710130323794169,0.06969635899502889,23.0765639589169,3,6
WECA,West of England Combined Authority,18.925289487041177,3rd IMD quintile,Councils in middle deprivation quintile (20%),0.501136180225792,0.35846804678938826,0.14039577298481978,996.8929695697797,3,6
ERE,Erewash Borough Council,18.91832943287308,3rd IMD quintile,Councils in middle deprivation quintile (20%),0.4979414237546697,0.3702923611652842,0.1317662150800461,1048.4727272727273,3,6
HEF,Herefordshire Council,18.91623873320159,3rd IMD quintile,Councils in middle deprivation quintile (20%),0.30650774632911654,0.625484307654006,0.0680079460168775,88.81422018348624,3,6
WAF,Westmorland and Furness Council,18.89198790984516,3rd IMD quintile,Councils in middle deprivation quintile (20%),0.49119747992368784,0.3917432006743866,0.11705931940192556,60.022636484687084,3,6
BDF,Bedford Borough Council,18.85785826235487,3rd IMD quintile,Councils in middle deprivation quintile (20%),0.4908016527017981,0.39137986750686704,0.11781847979133486,366.98949579831935,3,6
MLN,Midlothian Council,18.746261923308126,3rd IMD quintile,Councils in middle deprivation quintile (20%),0.4163962794722042,0.5064027687648713,0.0772009517629245,263.135593220339,3,6
ASF,Ashford Borough Council,18.673232942660267,4th IMD quintile,Councils in second least deprived quintile (20%),0.3963639719453673,0.47969730527870064,0.12393872277593208,225.50430292598966,4,7
ARU,Arun District Council,18.66462939324948,4th IMD quintile,Councils in second least deprived quintile (20%),0.40776197763097327,0.5064133666753754,0.08582465569365133,729.0633484162896,4,7
WLA,West Lancashire Borough Council,18.646326509544558,4th IMD quintile,Councils in second least deprived quintile (20%),0.5228421955102969,0.3210067712980946,0.1561510331916085,329.9596541786743,4,7
SWD,Swindon Borough Council,18.6123039969756,4th IMD quintile,Councils in second least deprived quintile (20%),0.565584874410985,0.27817708028605764,0.15623804530295735,969.0478260869565,4,7
CGN,Ceredigion County Council,18.58857880949613,4th IMD quintile,Councils in second least deprived quintile (20%),0.2635532017332691,0.7197606437856799,0.016686154481050968,40.8375350140056,4,7
SMT,Somerset Council,18.579305857975008,4th IMD quintile,Councils in second least deprived quintile (20%),0.37754991329094223,0.5411712392725332,0.08127884743652453,163.4350724637681,4,7
SFK,Suffolk County Council,18.464738450121494,4th IMD quintile,Councils in second least deprived quintile (20%),0.44388783082682076,0.45646548893413014,0.09964668023904906,200.3278947368421,4,7
HIL,London Borough of Hillingdon,18.397991224296934,4th IMD quintile,Councils in second least deprived quintile (20%),0.38646332323133575,0.5723368201518558,0.041199856616808424,2663.9137931034484,4,7
DBY,Derbyshire County Council,18.37274717140031,4th IMD quintile,Councils in second least deprived quintile (20%),0.4786107782043967,0.40265032503045994,0.11873889676514338,316.91519434628975,4,7
GWN,Gwynedd Council,18.3525092612227,4th IMD quintile,Councils in second least deprived quintile (20%),0.3025529865125241,0.6382787411689146,0.05916827231856134,49.377120315581855,4,7
BPC,"Bournemouth, Christchurch and Poole Council",18.24514880947864,4th IMD quintile,Councils in second least deprived quintile (20%),0.47841429080947356,0.42932378184356906,0.09226192734695736,2450.5493827160494,4,7
WDE,West Devon Borough Council,18.216201914115707,4th IMD quintile,Councils in second least deprived quintile (20%),0.21546347408416375,0.7845365259158362,0.0,48.39568965517241,4,7
BRX,Broxbourne Borough Council,18.18090442952744,4th IMD quintile,Councils in second least deprived quintile (20%),0.4037048078208041,0.5552483064176236,0.04104688576157239,1913.5686274509803,4,7
CHW,Cheshire West and Chester Council,18.115142197970684,4th IMD quintile,Councils in second least deprived quintile (20%),0.5556954682849906,0.29585421093592873,0.1484503207790807,373.72065217391304,4,7
WOR,Worcestershire County Council,18.10255328087602,4th IMD quintile,Councils in second least deprived quintile (20%),0.504342163125686,0.37258176593609116,0.12307607093822279,343.5209649626651,4,7
FOE,Forest of Dean District Council,18.092547372423407,4th IMD quintile,Councils in second least deprived quintile (20%),0.33654411171665266,0.6462305999469992,0.01722528833634824,165.60266159695817,4,7
NWA,North Warwickshire Borough Council,18.087558761338563,4th IMD quintile,Councils in second least deprived quintile (20%),0.4595948761951459,0.48144459426329983,0.058960529541554306,230.46478873239437,4,7
AMB,Amber Valley Borough Council,17.98720743365042,4th IMD quintile,Councils in second least deprived quintile (20%),0.48721390278352206,0.409475055990386,0.10331104122609192,486.14716981132074,4,7
MIK,Milton Keynes Council,17.966091662120487,4th IMD quintile,Councils in second least deprived quintile (20%),0.5421904051481312,0.34039568465469444,0.11741391019717431,874.4433656957929,4,7
SHO,South Holland District Council,17.810919731843104,4th IMD quintile,Councils in second least deprived quintile (20%),0.32953409318136373,0.6704659068186363,0.0,127.80933333333333,4,7
HLD,The Highland Council,17.68607470043791,4th IMD quintile,Councils in second least deprived quintile (20%),0.46371962854598653,0.45693084001187295,0.07934953144214052,9.177484114918332,4,7
ADU,Adur District Council,17.643439246668013,4th IMD quintile,Councils in second least deprived quintile (20%),0.5059641374162144,0.4719055691202314,0.02213029346355422,1528.2619047619048,4,7
NED,North East Derbyshire District Council,17.619549052847372,4th IMD quintile,Councils in second least deprived quintile (20%),0.5056967140407246,0.3936941909286235,0.10060909503065187,370.3478260869565,4,7
WNT,West Northamptonshire Council,17.60152903098383,4th IMD quintile,Councils in second least deprived quintile (20%),0.5610862856437477,0.3075768423651401,0.13133687199111221,295.3761801016703,4,7
SOL,Solihull Metropolitan Borough Council,17.460250834203737,4th IMD quintile,Councils in second least deprived quintile (20%),0.5568136652278,0.2849787867303835,0.1582075480418165,1221.8370786516855,4,7
POW,Powys County Council,17.350534665351482,4th IMD quintile,Councils in second least deprived quintile (20%),0.43637256012383435,0.5302072714916751,0.0334201683844905,25.676510326191856,4,7
RDB,London Borough of Redbridge,17.32772543263592,4th IMD quintile,Councils in second least deprived quintile (20%),0.3949092791476368,0.5783921211446095,0.0266985997077537,5458.178571428572,4,7
WOT,Worthing Borough Council,17.31081442525097,4th IMD quintile,Councils in second least deprived quintile (20%),0.44324862078321425,0.4720358144162069,0.08471556480057882,3355.3636363636365,4,7
CPCA,Cambridgeshire and Peterborough Combined Authority,17.188233013475173,4th IMD quintile,Councils in second least deprived quintile (20%),0.5327075611477502,0.34432037541657123,0.1229720634356786,235.74731934731935,4,7
ELS,Comhairle nan Eilean Siar,17.186569946950932,4th IMD quintile,Councils in second least deprived quintile (20%),0.2343188622754491,0.7656811377245509,0.0,8.671465968586388,4,7
AGB,Argyll and Bute Council,17.152614057800246,4th IMD quintile,Councils in second least deprived quintile (20%),0.4526144171421917,0.46854547571911026,0.07884010713869803,12.368611553496454,4,7
FLN,Flintshire County Council,17.134963787174957,4th IMD quintile,Councils in second least deprived quintile (20%),0.5188661114670083,0.37954516335682253,0.10158872517616913,356.4704545454546,4,7
SHR,Shropshire Council,17.105013294711824,4th IMD quintile,Councils in second least deprived quintile (20%),0.40708865616953854,0.5463860417904536,0.046525302040007925,101.78761338755083,4,7
HAV,London Borough of Havering,17.063034509462458,4th IMD quintile,Councils in second least deprived quintile (20%),0.4841419060535076,0.4650936999136974,0.05076439403279497,2327.2410714285716,4,7
ESS,Essex County Council,17.03954767124925,4th IMD quintile,Councils in second least deprived quintile (20%),0.5180490857775608,0.4074143711778693,0.0745365430445699,433.1286871023713,4,7
CHO,Chorley Borough Council,17.00731733437098,4th IMD quintile,Councils in second least deprived quintile (20%),0.5525817148270962,0.3339057318806253,0.11351255329227854,585.5665024630542,4,7
MDE,Mid Devon District Council,16.88666463777624,4th IMD quintile,Councils in second least deprived quintile (20%),0.42683237963334186,0.5731676203666581,0.0,91.22672508214677,4,7
CAT,Canterbury City Council,16.837653010387317,4th IMD quintile,Councils in second least deprived quintile (20%),0.5692286298172848,0.320573902318101,0.1101974678646142,539.6828478964401,4,7
CAS,Castle Point Borough Council,16.821148114543682,4th IMD quintile,Councils in second least deprived quintile (20%),0.512414800389484,0.416338408427016,0.07124679118350004,2011.6444444444444,4,7
MAI,Maidstone Borough Council,16.693501932187214,4th IMD quintile,Councils in second least deprived quintile (20%),0.494715584370235,0.4366452108528395,0.06863920477692549,440.5394402035623,4,7
COL,Colchester Borough Council,16.686054168849445,4th IMD quintile,Councils in second least deprived quintile (20%),0.4991268887450823,0.42473780982609677,0.07613530142882088,601.219512195122,4,7
WND,London Borough of Wandsworth,16.63510112625388,4th IMD quintile,Councils in second least deprived quintile (20%),0.46227974653979503,0.5103510405639459,0.027369212896259067,9698.088235294117,4,7
STS,Staffordshire County Council,16.633530777888947,4th IMD quintile,Councils in second least deprived quintile (20%),0.5372311155577789,0.3864784665059803,0.07629041793624085,337.0885496183206,4,7
DEV,Devon County Council,16.614895536376384,4th IMD quintile,Councils in second least deprived quintile (20%),0.4536382614114348,0.5100495404268578,0.03631219816170743,123.50944546008532,4,7
VGL,Vale of Glamorgan Council,16.553453161376343,4th IMD quintile,Councils in second least deprived quintile (20%),0.6027607476775435,0.27513156220290896,0.12210769011954756,408.7462235649547,4,8
BEX,London Borough of Bexley,16.458360961306873,4th IMD quintile,Councils in second least deprived quintile (20%),0.5539154285161929,0.3931216696806518,0.05296290180315522,4086.901639344262,4,8
OXO,Oxford City Council,16.43546613143378,4th IMD quintile,Councils in second least deprived quintile (20%),0.5447700007215149,0.35673665361380585,0.09849334566467922,3295.304347826087,4,8
ANS,Angus Council,16.39533647274867,4th IMD quintile,Councils in second least deprived quintile (20%),0.5202581755593804,0.4170998278829604,0.0626419965576592,53.104080696928015,4,8
EXE,Exeter City Council,16.232291100034242,4th IMD quintile,Councils in second least deprived quintile (20%),0.5222099615691945,0.38710094745253226,0.09068909097827328,2836.872340425532,4,8
WSK,West Suffolk Council,16.21440034628166,4th IMD quintile,Councils in second least deprived quintile (20%),0.4364042559133179,0.5635957440866821,0.0,171.30628019323672,4,8
BNE,London Borough of Barnet,16.202091984974828,4th IMD quintile,Councils in second least deprived quintile (20%),0.5396532691370125,0.43572242332690864,0.024624307536078853,4586.287356321839,4,8
TRF,Trafford Metropolitan Borough Council,16.143333619825242,4th IMD quintile,Councils in second least deprived quintile (20%),0.609772744508203,0.2987647143085855,0.09146254118321158,2241.311320754717,4,8
NSM,North Somerset  Council,16.0847146829604,4th IMD quintile,Councils in second least deprived quintile (20%),0.6540929635623012,0.2332273124639622,0.11267972397373659,576.4010695187166,4,8
RUH,Rushmoor Borough Council,16.000946151650652,4th IMD quintile,Councils in second least deprived quintile (20%),0.5328597553885348,0.4108817217940993,0.05625852281736594,2420.1794871794873,4,8
TEI,Teignbridge District Council,15.981603258722599,4th IMD quintile,Councils in second least deprived quintile (20%),0.48935250404358877,0.49694774267122827,0.013699753285182949,200.3545994065282,4,8
MAV,Malvern Hills District Council,15.968210627970215,4th IMD quintile,Councils in second least deprived quintile (20%),0.5124399603547739,0.4443187882792447,0.043241251365981344,137.68630849220105,4,8
SCB,Scottish Borders Council,15.866198349765945,4th IMD quintile,Councils in second least deprived quintile (20%),0.5823218768937755,0.3698813955501688,0.047796727556055754,24.353338968723584,4,8
FYL,Fylde Borough Council,15.857740294627382,4th IMD quintile,Councils in second least deprived quintile (20%),0.5520549641000247,0.3785590492696212,0.06938598663035404,489.22289156626505,4,8
WYC,Wychavon District Council,15.846520663200266,4th IMD quintile,Councils in second least deprived quintile (20%),0.5182140566934244,0.43396197260358643,0.04782397070298919,197.4156626506024,4,8
ELN,East Lothian Council,15.834838816381332,4th IMD quintile,Councils in second least deprived quintile (20%),0.5905126529087683,0.36564571855448685,0.043841628536744795,158.9101620029455,4,8
DST,Dorset Council,15.779218880446384,4th IMD quintile,Councils in second least deprived quintile (20%),0.5006869075422448,0.45559406934595836,0.043719023111796845,152.46527498996386,4,8
LEE,Lewes District Council,15.767609298136886,4th IMD quintile,Councils in second least deprived quintile (20%),0.5280435372041677,0.44052368594337066,0.031432776852461555,354.53767123287673,4,8
WAR,Warwickshire County Council,15.63846717872141,4th IMD quintile,Councils in second least deprived quintile (20%),0.5751272206293809,0.36790423803451267,0.05696854133610643,295.5878481012658,4,8
HIG,High Peak Borough Council,15.62222436492349,4th IMD quintile,Councils in second least deprived quintile (20%),0.5713314484276866,0.38278332937647036,0.04588522219584314,171.860853432282,4,8
ERY,East Riding of Yorkshire Council,15.562652490085673,4th IMD quintile,Councils in second least deprived quintile (20%),0.6128093371984301,0.31015056877302716,0.0770400940285427,142.7624792013311,4,8
STG,Stirling Council,15.512192786632617,4th IMD quintile,Councils in second least deprived quintile (20%),0.6734104659802569,0.2058592506103386,0.12073028340940452,43.03751143641354,4,8
WAT,Watford Borough Council,15.49077357963076,4th IMD quintile,Councils in second least deprived quintile (20%),0.4845874276484049,0.4952317839651263,0.020180788386468827,4601.0952380952385,4,8
SRI,South Ribble Borough Council,15.383548245297325,4th IMD quintile,Councils in second least deprived quintile (20%),0.5864263277611294,0.3781005163014045,0.03547315593746615,983.0619469026549,4,8
LND,City of London Corporation,15.328364160065837,4th IMD quintile,Councils in second least deprived quintile (20%),0.4700133731097624,0.5299866268902377,0.0,3646.0,4,8
MON,Monmouthshire County Council,15.179645285254093,4th IMD quintile,Councils in second least deprived quintile (20%),0.546558832857596,0.45344116714240407,0.0,112.08951707891637,4,8
HRW,London Borough of Harrow,15.122929423475075,4th IMD quintile,Councils in second least deprived quintile (20%),0.5621954132823698,0.43045070871157826,0.007353878006051919,5046.76,4,8
EPP,Epping Forest District Council,15.119727965129965,4th IMD quintile,Councils in second least deprived quintile (20%),0.5284420111019144,0.45844375764110895,0.013114231256976664,389.8967551622419,4,8
STF,Staffordshire Moorlands District Council,15.053088027632448,4th IMD quintile,Councils in second least deprived quintile (20%),0.6150962564128613,0.353065474678722,0.03183826890841672,170.88020833333334,4,8
SPE,Spelthorne Borough Council,14.99546810023637,4th IMD quintile,Councils in second least deprived quintile (20%),0.5577100276431233,0.4422899723568767,0.0,2219.4,4,8
ABE,Aberdeen City Council,14.931271680589536,4th IMD quintile,Councils in second least deprived quintile (20%),0.5752350548825819,0.3453185813617877,0.07944636375563038,1231.505376344086,4,8
GED,Gedling Borough Council,14.918718260161498,4th IMD quintile,Councils in second least deprived quintile (20%),0.5590690099748932,0.4183178394517202,0.022613150573386715,985.325,4,8
GLS,Gloucestershire County Council,14.915667207685182,4th IMD quintile,Councils in second least deprived quintile (20%),0.6247131398433453,0.2989749948985198,0.0763118652581349,241.48134187712023,4,8
NYE,North Yorkshire Council,14.763832747623994,4th IMD quintile,Councils in second least deprived quintile (20%),0.6195542784287457,0.32881107476045784,0.05163464681079647,77.21911160880926,4,8
BRA,Braintree District Council,14.728824192026423,4th IMD quintile,Councils in second least deprived quintile (20%),0.5199798170428036,0.46039422295614796,0.019625960001048465,250.1486928104575,4,8
CAB,Cambridge City Council,14.69245271558839,4th IMD quintile,Councils in second least deprived quintile (20%),0.6300902258049007,0.33498934277792913,0.03492043141717015,3050.317073170732,4,8
EDH,City of Edinburgh Council,14.665640877288949,4th IMD quintile,Councils in second least deprived quintile (20%),0.6468195759434592,0.24872459185034196,0.10445583220619892,2006.1596958174905,4,8
CHE,Cheshire East Council,14.555192822112081,4th IMD quintile,Councils in second least deprived quintile (20%),0.6373753097732148,0.2791577292321789,0.0834669609946063,331.6183533447684,4,8
MRT,London Borough of Merton,14.54133978542518,5th IMD quintile,Councils in least deprived quintile (20%),0.5855878536708174,0.40104963495168194,0.01336251137750063,5432.973684210527,5,9
NWL,North West Leicestershire District Council,14.463790224976114,5th IMD quintile,Councils in least deprived quintile (20%),0.662825375684049,0.30476493808572447,0.03240968623022652,375.6594982078853,5,9
WSX,West Sussex County Council,14.445480264589456,5th IMD quintile,Councils in least deprived quintile (20%),0.5614261904210746,0.40815180906965437,0.030422000509271047,435.7785032646911,5,9
CHR,Cherwell District Council,14.360498202693636,5th IMD quintile,Councils in least deprived quintile (20%),0.6742722736423858,0.273456343062929,0.052271383294685156,257.8030560271647,5,9
WEW,Welwyn Hatfield Borough Council,14.314115081719399,5th IMD quintile,Councils in least deprived quintile (20%),0.5672000845232967,0.43279991547670327,0.0,953.0230769230769,5,9
BRT,Broxtowe Borough Council,14.298875246639131,5th IMD quintile,Councils in least deprived quintile (20%),0.5881981531661887,0.35594959353871247,0.05585225329509879,1432.8375,5,9
MAL,Maldon District Council,14.276034547022764,5th IMD quintile,Councils in least deprived quintile (20%),0.5922280750392754,0.4077719249607245,0.0,182.68435754189943,5,9
BRY,London Borough of Bromley,14.260273503321939,5th IMD quintile,Councils in least deprived quintile (20%),0.6707097636127293,0.25664989649029896,0.07264033989697175,2218.346666666667,5,9
BAB,Babergh District Council,14.249898724412187,5th IMD quintile,Councils in least deprived quintile (20%),0.5680820548481029,0.4319179451518971,0.0,156.1195286195286,5,9
MRY,The Moray Council,14.246514472209148,5th IMD quintile,Councils in least deprived quintile (20%),0.5785013567104988,0.40840116885827593,0.013097474431225213,42.76586237712243,5,9
CHT,Cheltenham Borough Council,14.232300594982203,5th IMD quintile,Councils in least deprived quintile (20%),0.6376455212972676,0.25846473956631644,0.10388973913641601,2469.0,5,9
SDE,South Derbyshire District Council,14.229967285406625,5th IMD quintile,Councils in least deprived quintile (20%),0.5862801950382711,0.3623124900942561,0.0514073148674728,324.0118343195266,5,9
RUG,Rugby Borough Council,14.127847716528205,5th IMD quintile,Councils in least deprived quintile (20%),0.5379905448203057,0.4454858401799238,0.016523614999770505,315.24216524216524,5,9
STN,London Borough of Sutton,14.079589859897553,5th IMD quintile,Councils in least deprived quintile (20%),0.6703400549554396,0.2925286771440618,0.03713126790049867,4720.613636363636,5,9
CHI,Chichester District Council,14.051337507946073,5th IMD quintile,Councils in least deprived quintile (20%),0.5219889539251542,0.47801104607484585,0.0,154.59033078880407,5,9
HER,Hertsmere Borough Council,13.968569553655676,5th IMD quintile,Councils in least deprived quintile (20%),0.5747100143920548,0.4098399717877601,0.015450013820185095,1044.2673267326732,5,9
PKN,Perth and Kinross Council,13.94376311302186,5th IMD quintile,Councils in least deprived quintile (20%),0.6817176702862784,0.2721224086870681,0.046159921026653505,28.738176314793794,5,9
CAM,Cambridgeshire County Council,13.879090147918173,5th IMD quintile,Councils in least deprived quintile (20%),0.6320499068912702,0.3293034671334599,0.03864662597526995,215.7596848325673,5,9
SHA,South Hams District Council,13.784481184773114,5th IMD quintile,Councils in least deprived quintile (20%),0.5374120730081375,0.46258792699186246,0.0,99.14994363021421,5,9
STA,Stafford Borough Council,13.754222282925408,5th IMD quintile,Councils in least deprived quintile (20%),0.65689831002331,0.3019886363636364,0.04111305361305361,230.53177257525084,5,9
ORK,Orkney Islands Council,13.746702983437451,5th IMD quintile,Councils in least deprived quintile (20%),0.6535249214189492,0.34647507858105075,0.0,22.60343087790111,5,9
TON,Tonbridge and Malling Borough Council,13.534958956663868,5th IMD quintile,Councils in least deprived quintile (20%),0.669141071333984,0.2883627310768579,0.04249619758915802,552.3791666666667,5,9
WIL,Wiltshire Council,13.427684331152104,5th IMD quintile,Councils in least deprived quintile (20%),0.647184935123114,0.3354918963889733,0.017323168487912582,154.86021505376345,5,9
HIN,Hinckley and Bosworth Borough Council,13.414295113845284,5th IMD quintile,Councils in least deprived quintile (20%),0.6468144534012162,0.34174798472634704,0.011437561872436714,382.71380471380473,5,9
SKE,South Kesteven District Council,13.395129318092456,5th IMD quintile,Councils in least deprived quintile (20%),0.6651266640453856,0.30237179127113406,0.032501544683480314,151.88229056203605,5,9
ZET,Shetland Islands Council,13.364828359671193,5th IMD quintile,Councils in least deprived quintile (20%),0.7235602094240837,0.2764397905759162,0.0,15.589638718473074,5,9
SST,South Staffordshire Council,13.352700727524992,5th IMD quintile,Councils in least deprived quintile (20%),0.6714664342381443,0.3285335657618556,0.0,276.09090909090907,5,9
CHA,Charnwood Borough Council,13.270781077314622,5th IMD quintile,Councils in least deprived quintile (20%),0.6898375580438093,0.29417113709369336,0.015991304862497377,675.326164874552,5,9
OAD,Oadby and Wigston Borough Council,13.214853792861529,5th IMD quintile,Councils in least deprived quintile (20%),0.6588967815487152,0.3411032184512848,0.0,2388.0416666666665,5,9
MSU,Mid Suffolk District Council,13.200407026324655,5th IMD quintile,Councils in least deprived quintile (20%),0.6159487944559411,0.3676692814861158,0.016381924057943115,120.38691159586682,5,9
SNO,South Norfolk District Council,13.136998417092562,5th IMD quintile,Councils in least deprived quintile (20%),0.6358177172061329,0.3641822827938671,0.0,157.56167400881057,5,9
DAC,Dacorum Borough Council,13.080439459043829,5th IMD quintile,Councils in least deprived quintile (20%),0.5992905280978011,0.39163753610359064,0.009071935798608195,733.2877358490566,5,9
NEW,New Forest District Council,13.026396071876771,5th IMD quintile,Councils in least deprived quintile (20%),0.629693590839932,0.3453183479004476,0.024988061259620404,238.89494680851064,5,9
BAN,Basingstoke and Deane Borough Council,12.87538424074934,5th IMD quintile,Councils in least deprived quintile (20%),0.6584872750336954,0.33127951886375734,0.010233206102547259,280.37854889589903,5,9
EDE,East Devon District Council,12.854684203330509,5th IMD quintile,Councils in least deprived quintile (20%),0.6236498865221077,0.3763501134778923,0.0,181.9164619164619,5,9
HRT,Hertfordshire County Council,12.78151328982555,5th IMD quintile,Councils in least deprived quintile (20%),0.628901261770514,0.35783707532204195,0.013261662907444101,727.7370663420572,5,9
HAM,Hampshire County Council,12.733035891857174,5th IMD quintile,Councils in least deprived quintile (20%),0.6888217500806485,0.26454892509594646,0.046629324823405004,377.7069059271343,5,9
LIF,Lichfield District Council,12.620515330864102,5th IMD quintile,Councils in least deprived quintile (20%),0.6969147351941655,0.2870957272137157,0.015989537592118828,319.1450151057402,5,9
HUN,Huntingdonshire District Council,12.575762456240904,5th IMD quintile,Councils in least deprived quintile (20%),0.643133685091845,0.3470215718997769,0.009844743008378147,197.55518763796908,5,9
MEL,Melton Borough Council,12.526185045597455,5th IMD quintile,Councils in least deprived quintile (20%),0.6688277451229276,0.3311722548770724,0.0,106.84823284823285,5,9
SEV,Sevenoaks District Council,12.399868215320911,5th IMD quintile,Councils in least deprived quintile (20%),0.7007867494824016,0.27315942028985507,0.026053830227743272,328.9620596205962,5,9
WEA,Wealden District Council,12.362661037312279,5th IMD quintile,Councils in least deprived quintile (20%),0.7136460752438458,0.25896268772255765,0.02739123703359653,195.3577430972389,5,9
CHL,Chelmsford City Council,12.356286846648878,5th IMD quintile,Councils in least deprived quintile (20%),0.7197232997735273,0.2704442002825302,0.009832499943942417,529.6430678466077,5,9
LEC,Leicestershire County Council,12.341160589389014,5th IMD quintile,Councils in least deprived quintile (20%),0.7200642918339458,0.26913921164616833,0.010796496519885861,342.33557369179067,5,9
CBF,Central Bedfordshire Council,12.235317663728832,5th IMD quintile,Councils in least deprived quintile (20%),0.7282433968016407,0.2517252847759208,0.020031318422438403,410.7486033519553,5,9
TES,Test Valley Borough Council,12.216568825301206,5th IMD quintile,Councils in least deprived quintile (20%),0.7063570069752695,0.28233988585922637,0.011303107165504122,202.4888535031847,5,9
TEW,Tewkesbury Borough Council,12.187032204085497,5th IMD quintile,Councils in least deprived quintile (20%),0.6822004020248582,0.3019501362885318,0.015849461686610045,233.3913043478261,5,9
IOS,Council of the Isles of Scilly,12.005,5th IMD quintile,Councils in least deprived quintile (20%),1.0,0.0,0.0,139.125,5,9
WAW,Warwick District Council,11.990352020479573,5th IMD quintile,Councils in least deprived quintile (20%),0.7450627117347116,0.24569226381362477,0.009245024451663617,512.0459363957597,5,9
RUN,Runnymede Borough Council,11.951561996779388,5th IMD quintile,Councils in least deprived quintile (20%),0.7106816961889426,0.28931830381105744,0.0,1158.0384615384614,5,9
TAN,Tandridge District Council,11.926536429552135,5th IMD quintile,Councils in least deprived quintile (20%),0.7651510853408072,0.23484891465919278,0.0,357.0241935483871,5,9
DEB,Derbyshire Dales District Council,11.918637372969236,5th IMD quintile,Councils in least deprived quintile (20%),0.7431316972001383,0.23402696163152437,0.022841341168337366,91.4419191919192,5,9
YOR,City of York Council,11.810765903199158,5th IMD quintile,Councils in least deprived quintile (20%),0.7463179785203544,0.21570331120796893,0.03797871027167669,775.7794117647059,5,9
ABD,Aberdeenshire Council,11.779019765363755,5th IMD quintile,Councils in least deprived quintile (20%),0.7462731135867693,0.2287316718349221,0.024995214578308642,41.308411214953274,5,10
BRO,Broadland District Council,11.77294451113677,5th IMD quintile,Councils in least deprived quintile (20%),0.702706009190797,0.29729399080920305,0.0,239.0054347826087,5,10
BAS,Bath and North East Somerset Council,11.738251197731811,5th IMD quintile,Councils in least deprived quintile (20%),0.7018191036930496,0.2590825839964404,0.03909831231051003,567.5057803468208,5,10
STR,Stratford-on-Avon District Council,11.726253854786393,5th IMD quintile,Councils in least deprived quintile (20%),0.7473366231610017,0.2526633768389983,0.0,135.38036809815952,5,10
BRM,Bromsgrove District Council,11.68277928735195,5th IMD quintile,Councils in least deprived quintile (20%),0.7430442226249236,0.23790310469458656,0.019052672680489782,463.4516129032258,5,10
SGC,South Gloucestershire Council,11.674253573395347,5th IMD quintile,Councils in least deprived quintile (20%),0.7068044462684107,0.28813404748625887,0.005061506245330471,579.1066398390342,5,10
NHE,North Hertfordshire District Council,11.617651096803176,5th IMD quintile,Councils in least deprived quintile (20%),0.7265478775174066,0.263038107359437,0.010414015123156397,355.90133333333335,5,10
ECA,East Cambridgeshire District Council,11.557074398931434,5th IMD quintile,Councils in least deprived quintile (20%),0.6703918076580587,0.3296081923419412,0.0,138.51305683563749,5,10
NKE,North Kesteven District Council,11.549395483898559,5th IMD quintile,Councils in least deprived quintile (20%),0.7474575546337082,0.2525424453662917,0.0,128.14425162689804,5,10
OXF,Oxfordshire County Council,11.525963426041722,5th IMD quintile,Councils in least deprived quintile (20%),0.7691793883472827,0.19563315873100784,0.03518745292170943,267.51631477927066,5,10
KTT,Royal Borough of Kingston upon Thames,11.4780304495034,5th IMD quintile,Councils in least deprived quintile (20%),0.785664790684311,0.20362577250474628,0.010709436810942666,4841.675675675676,5,10
EDU,East Dunbartonshire Council,11.377436902653182,5th IMD quintile,Councils in least deprived quintile (20%),0.7602172312223858,0.20699558173784977,0.03278718703976436,625.0,5,10
TUN,Tunbridge Wells Borough Council,11.32022231393821,5th IMD quintile,Councils in least deprived quintile (20%),0.7472120211583168,0.23573161281627977,0.017056366025403457,359.3323262839879,5,10
REI,Reigate and Banstead Borough Council,11.25663898674268,5th IMD quintile,Councils in least deprived quintile (20%),0.751868932691532,0.2376031946648022,0.010527872643665797,1156.922480620155,5,10
COT,Cotswold District Council,10.973922926264716,5th IMD quintile,Councils in least deprived quintile (20%),0.8195677817097327,0.1804322182902673,0.0,77.47982832618025,5,10
WOI,Woking Borough Council,10.854296121754485,5th IMD quintile,Councils in least deprived quintile (20%),0.7570565416249144,0.22960919905152144,0.013334259323564137,1562.625,5,10
STO,Stroud District Council,10.83640144543363,5th IMD quintile,Councils in least deprived quintile (20%),0.8125771064652729,0.18742289353472708,0.0,262.26247288503254,5,10
RIB,Ribble Valley Borough Council,10.59807881684404,5th IMD quintile,Councils in least deprived quintile (20%),0.747832085139929,0.25216791486007095,0.0,106.39108061749572,5,10
BLA,Blaby District Council,10.578320272639521,5th IMD quintile,Councils in least deprived quintile (20%),0.7720583889841026,0.2279416110158974,0.0,784.2307692307693,5,10
ROC,Rochford District Council,10.49138660608003,5th IMD quintile,Councils in least deprived quintile (20%),0.7757073528065196,0.2065973811921985,0.017695266001281934,524.7125748502993,5,10
BRC,Bracknell Forest Council,10.330146733143478,5th IMD quintile,Councils in least deprived quintile (20%),0.7812303649968584,0.2187696350031416,0.0,1139.1284403669724,5,10
EHA,East Hampshire District Council,10.278269696176865,5th IMD quintile,Councils in least deprived quintile (20%),0.801999869182719,0.19800013081728096,0.0,240.92996108949416,5,10
EAT,Eastleigh Borough Council,10.211495111690022,5th IMD quintile,Councils in least deprived quintile (20%),0.7583018924422087,0.2302970415618637,0.011401065995927656,1694.0,5,10
BUC,Buckinghamshire Council,10.17756612184796,5th IMD quintile,Councils in least deprived quintile (20%),0.7734372845711093,0.2240956812194723,0.002467034209418482,349.5591054313099,5,10
SRY,Surrey County Council,10.118420969608003,5th IMD quintile,Councils in least deprived quintile (20%),0.7870679364272601,0.210499433222207,0.002432630350532838,721.5093205051112,5,10
BRW,Brentwood Borough Council,10.053735903195234,5th IMD quintile,Councils in least deprived quintile (20%),0.7597798003142,0.24022019968579997,0.0,504.8496732026144,5,10
ERW,East Renfrewshire Council,10.038859863561807,5th IMD quintile,Councils in least deprived quintile (20%),0.7900345441222653,0.17295090547471997,0.03701455040301476,552.0689655172414,5,10
WBK,West Berkshire Council,10.021977734301041,5th IMD quintile,Councils in least deprived quintile (20%),0.8482171031871253,0.14227201009782264,0.009510886715052068,225.09232954545453,5,10
HOR,Horsham District Council,9.93971532293398,5th IMD quintile,Councils in least deprived quintile (20%),0.7742765541654206,0.22572344583457934,0.0,274.4792452830189,5,10
THE,Three Rivers District Council,9.92761804699806,5th IMD quintile,Councils in least deprived quintile (20%),0.7051102086302412,0.27679135904332264,0.01809843232643614,1055.7977528089887,5,10
WIN,Winchester City Council,9.654869893239573,5th IMD quintile,Councils in least deprived quintile (20%),0.8110268382735726,0.18897316172642742,0.0,190.50680786686837,5,10
MOL,Mole Valley District Council,9.516454157831394,5th IMD quintile,Councils in least deprived quintile (20%),0.792538254341223,0.207461745658777,0.0,339.32945736434107,5,10
GRT,Guildford Borough Council,9.447317615001543,5th IMD quintile,Councils in least deprived quintile (20%),0.8027154726909086,0.1972845273090914,0.0,554.8044280442805,5,10
RIC,London Borough of Richmond upon Thames,9.421518096748292,5th IMD quintile,Councils in least deprived quintile (20%),0.8601548336270762,0.13258828698256228,0.007256879390361531,3476.157894736842,5,10
UTT,Uttlesford District Council,9.216569081109505,5th IMD quintile,Councils in least deprived quintile (20%),0.871302747469436,0.12869725253056397,0.0,144.70982839313572,5,10
FAR,Fareham Borough Council,9.04130298624315,5th IMD quintile,Councils in least deprived quintile (20%),0.8536043980625123,0.14639560193748763,0.0,1572.1351351351352,5,10
EPS,Epsom and Ewell Borough Council,8.925314063527107,5th IMD quintile,Councils in least deprived quintile (20%),0.8544284172795713,0.14557158272042864,0.0,2382.4411764705883,5,10
RUT,Rutland County Council,8.853493225135873,5th IMD quintile,Councils in least deprived quintile (20%),0.9433716532672126,0.056628346732787334,0.0,105.95811518324608,5,10
WOX,West Oxfordshire District Council,8.736159973970336,5th IMD quintile,Councils in least deprived quintile (20%),0.8732138499498386,0.12678615005016133,0.0,156.52380952380952,5,10
SCA,South Cambridgeshire District Council,8.494530216360962,5th IMD quintile,Councils in least deprived quintile (20%),0.8974328350703393,0.10256716492966068,0.0,178.38580931263857,5,10
SOX,South Oxfordshire District Council,8.453370513244684,5th IMD quintile,Councils in least deprived quintile (20%),0.8649626558353337,0.13503734416466628,0.0,211.75552282768777,5,10
WNM,Royal Borough of Windsor and Maidenhead,8.423452477182972,5th IMD quintile,Councils in least deprived quintile (20%),0.8226281517877191,0.1773718482122809,0.0,767.8832487309645,5,10
VAL,Vale of White Horse District Council,8.364813730175651,5th IMD quintile,Councils in least deprived quintile (20%),0.9410765622357673,0.04822545898372878,0.010697978780503945,238.59861591695503,5,10
SAL,St Albans City and District Council,8.333441785897126,5th IMD quintile,Councils in least deprived quintile (20%),0.8482876620052273,0.1517123379947727,0.0,927.4347826086956,5,10
EHE,East Hertfordshire District Council,8.202385694633652,5th IMD quintile,Councils in least deprived quintile (20%),0.8833974410342709,0.11660255896572909,0.0,318.8781512605042,5,10
SUR,Surrey Heath Borough Council,8.153045697329377,5th IMD quintile,Councils in least deprived quintile (20%),0.8311964615643022,0.1688035384356979,0.0,938.9894736842106,5,10
HAO,Harborough District Council,8.136535844872984,5th IMD quintile,Councils in least deprived quintile (20%),0.9403882439476798,0.05961175605232019,0.0,161.38006756756758,5,10
ELM,Elmbridge Borough Council,7.925309792024563,5th IMD quintile,Councils in least deprived quintile (20%),0.8552797982382397,0.1447202017617603,0.0,1444.3684210526317,5,10
MSS,Mid Sussex District Council,7.735725079789699,5th IMD quintile,Councils in least deprived quintile (20%),0.8733760644144561,0.12662393558554383,0.0,455.5149700598802,5,10
WAE,Waverley Borough Council,7.510415956874169,5th IMD quintile,Councils in least deprived quintile (20%),0.9328098283832563,0.06719017161674372,0.0,366.8289855072464,5,10
RUS,Rushcliffe Borough Council,7.203715792388239,5th IMD quintile,Councils in least deprived quintile (20%),0.9428530675258424,0.057146932474157607,0.0,296.86063569682153,5,10
WOK,Wokingham Borough Council,5.83357479882421,5th IMD quintile,Councils in least deprived quintile (20%),0.9516359960027817,0.04836400399721831,0.0,971.7597765363129,5,10
HAT,Hart District Council,5.618004130911788,5th IMD quintile,Councils in least deprived quintile (20%),0.9730100027814119,0.026989997218588073,0.0,453.9906976744186,5,10
