SOA2001,MDM_rank,Income_perc,Empl_perc,overall_imd_score,new_rank,agreement,2010_income_score
95AA01S1,516,8.5,4.5,15.67737250459484,518.0,False,0.0
95AA01S2,749,9.4,12.1,7.52312862959497,749.0,True,9.0
95AA01S3,658,11.4,14.2,10.81750229472036,657.0,False,10.0
95AA02W1,439,9.4,22.4,18.74668545660832,438.0,False,24.0
95AA03W1,259,14.3,25.0,26.920892833713005,259.0,True,30.0
95AA04W1,594,12.7,12.2,12.909663282881349,594.0,True,9.0
95AA05W1,613,12.0,16.1,12.29748624279605,613.0,True,14.000000000000002
95AA06S1,574,9.4,17.7,13.69889563013458,574.0,True,17.0
95AA06S2,565,10.7,17.9,14.032184284443318,564.0,False,18.0
95AA07W1,569,12.8,15.7,13.887218247761162,569.0,True,17.0
95AA08W1,178,14.1,29.8,32.77727493960251,178.0,True,38.0
95AA09W1,330,13.6,24.8,23.034568392262656,330.0,True,32.0
95AA10W1,285,12.5,26.5,25.419544954328543,285.0,True,31.0
95AA11S1,670,8.5,14.8,10.382590725273968,670.0,True,16.0
95AA11S2,801,7.5,10.0,5.690247679163273,801.0,True,8.0
95AA12W1,706,11.2,9.6,8.954211421636435,706.0,True,7.000000000000001
95AA13S1,643,8.6,15.9,11.297631444007347,643.0,True,14.000000000000002
95AA13S2,676,9.0,16.6,10.283670660510715,675.0,False,21.0
95AA14W1,604,10.5,11.5,12.647359350546937,604.0,True,11.0
95AA15S1,623,10.7,14.3,12.076529698176314,623.0,True,17.0
95AA15S2,247,13.4,23.3,27.328437080319357,247.0,True,23.0
95AA16W1,308,11.1,23.7,24.52989392894652,310.0,False,31.0
95AA17W1,420,10.8,22.7,19.325869441861197,420.0,True,24.0
95AA18W1,758,9.0,13.1,7.371592123842469,758.0,True,8.0
95AA19W1,437,12.1,20.5,18.752896337531975,436.0,False,25.0
95BB01S1,744,11.1,11.1,7.7410912346357685,744.0,True,11.0
95BB01S2,701,10.5,12.7,9.079198250995391,701.0,True,10.0
95BB02W1,240,14.5,28.5,27.913156121234202,240.0,True,28.999999999999996
95BB03S1,223,15.8,27.0,28.79124687182922,223.0,True,24.0
95BB03S2,374,15.6,18.4,21.17717879525138,374.0,True,13.0
95BB04S1,467,11.1,20.6,17.58384764803746,467.0,True,18.0
95BB04S2,743,10.8,10.5,7.748799892740751,743.0,True,7.000000000000001
95BB05S1,506,14.0,16.0,16.16537448339975,506.0,True,14.000000000000002
95BB05S2,548,11.3,18.9,14.633632664866411,548.0,True,15.0
95BB06W1,99,18.8,30.3,41.545371802754225,99.0,True,38.0
95BB07S1,325,14.8,22.5,23.4048569934485,325.0,True,25.0
95BB07S2,696,11.4,14.2,9.46034583478091,695.0,False,13.0
95BB08S1,303,10.1,25.5,24.688588861447887,303.0,True,34.0
95BB08S2,741,11.1,10.6,7.824568480191254,741.0,True,6.0
95BB09S1,704,13.2,10.9,9.041100387015424,704.0,True,10.0
95BB09S2,795,10.8,10.2,5.871984196355843,795.0,True,10.0
95BB10S1,508,13.5,21.0,16.152584635046853,508.0,True,22.0
95BB10S2,750,11.1,10.8,7.510860133624045,750.0,True,10.0
95BB11S1,199,15.7,29.8,30.697871236107886,199.0,True,31.0
95BB11S2,597,11.6,18.4,12.858525520426861,597.0,True,18.0
95BB12S1,97,18.4,29.2,42.02600126818708,98.0,False,40.0
95BB12S2,683,12.7,13.5,10.053854332408697,683.0,True,16.0
95BB13S1,339,16.5,21.7,22.593317571402068,339.0,True,22.0
95BB13S2,345,14.0,23.8,22.383013868220406,345.0,True,26.0
95BB13S3,721,10.5,13.7,8.382600026850971,721.0,True,9.0
95BB14S1,564,12.3,9.7,14.026732839799573,565.0,False,9.0
95BB14S2,719,11.0,9.3,8.449241960541839,719.0,True,7.000000000000001
95BB15S1,448,14.2,17.1,18.287137277455333,448.0,True,15.0
95BB15S2,263,16.2,22.4,26.692123568736555,263.0,True,28.000000000000004
95BB16S1,770,9.0,9.3,6.941236875778231,770.0,True,4.0
95BB16S2,698,12.4,8.1,9.168207606639568,698.0,True,6.0
95BB17S1,501,13.4,17.6,16.29619419447637,501.0,True,15.0
95BB17S2,524,12.1,17.3,15.51074022062978,524.0,True,22.0
95BB18S1,306,14.7,22.2,24.59507791924561,306.0,True,32.0
95BB18S2,635,13.9,12.0,11.668430255323525,635.0,True,10.0
95BB19S1,528,12.2,18.6,15.414511476751883,527.0,False,10.0
95BB19S2,765,12.2,10.5,7.1917214406940495,765.0,True,6.0
95BB19S3,850,8.6,9.4,4.431727487548601,849.0,False,7.000000000000001
95BB20S1,402,13.2,21.9,20.144648778037787,402.0,True,20.0
95BB20S2,219,11.5,33.8,29.028797910100963,220.0,False,37.0
95BB21S1,225,15.3,26.5,28.774885324978307,225.0,True,24.0
95BB21S2,472,12.7,18.9,17.378759469448624,472.0,True,17.0
95BB22S1,231,15.3,22.4,28.58226919565473,230.0,False,28.000000000000004
95BB22S2,71,19.9,35.5,46.599019809219016,71.0,True,37.0
95BB23S1,803,9.6,11.0,5.654432669930948,803.0,True,7.000000000000001
95BB23S2,828,6.6,10.1,4.923403171338431,828.0,True,6.0
95CC01W1,424,12.7,21.8,18.983180897515393,424.0,True,26.0
95CC02W1,498,14.4,15.6,16.47231515804533,498.0,True,22.0
95CC03W1,61,20.2,34.2,48.70830007416728,61.0,True,48.0
95CC04W1,273,17.8,18.7,25.771826764983384,274.0,False,23.0
95CC05W1,403,15.8,16.4,20.079947132339708,403.0,True,22.0
95CC06S1,718,9.2,13.6,8.474807290832125,718.0,True,14.000000000000002
95CC06S2,521,12.3,20.4,15.526557365887282,521.0,True,20.0
95CC07W1,212,19.6,19.5,29.67411013768611,212.0,True,25.0
95CC08W1,288,15.7,24.2,25.166093279429347,288.0,True,36.0
95CC09S1,657,11.9,11.7,10.815187092986855,658.0,False,8.0
95CC09S2,651,11.5,13.5,11.069735509783495,651.0,True,14.000000000000002
95CC10W1,680,10.2,12.4,10.105268349156251,680.0,True,13.0
95CC11W1,125,21.1,26.3,37.982300891246865,126.0,False,40.0
95CC12W1,443,15.0,16.6,18.390755438505064,443.0,True,17.0
95CC13W1,432,14.8,16.6,18.809143269441385,432.0,True,17.0
95CC14W1,588,11.7,15.0,13.101626641500047,587.0,False,15.0
95CC15W1,505,14.4,15.0,16.178898439771455,505.0,True,17.0
95CC16W1,310,16.7,20.6,24.53190469362197,308.0,False,25.0
95CC17W1,600,12.4,13.7,12.818915879934343,600.0,True,17.0
95CC18W1,426,15.5,19.8,18.95616567636553,426.0,True,19.0
95CC19W1,294,16.9,19.3,24.939421520871683,294.0,True,19.0
95CC20S1,786,8.4,12.2,6.369080168363279,786.0,True,10.0
95CC20S2,637,10.7,17.7,11.587075476600905,637.0,True,16.0
95CC21W1,353,15.9,18.6,22.059940036115737,353.0,True,20.0
95CC22W1,269,16.4,22.8,26.173072449494903,269.0,True,23.0
95DD01W1,681,12.7,15.4,10.097145109468444,681.0,True,15.0
95DD02S1,598,8.0,18.5,12.845732329087102,598.0,True,20.0
95DD02S2,778,8.4,11.2,6.720810791228069,778.0,True,10.0
95DD03W1,817,8.4,9.6,5.338997866352626,817.0,True,9.0
95DD04W1,85,16.5,35.5,43.581596637710106,85.0,True,46.0
95DD05W1,110,19.0,30.4,40.0584491759357,110.0,True,43.0
95DD06W1,874,5.3,9.1,3.204878552282755,873.0,False,8.0
95DD07S1,691,11.4,14.3,9.66783364183153,691.0,True,16.0
95DD07S2,717,10.9,14.4,8.524092977108126,717.0,True,14.000000000000002
95DD08W1,183,16.2,23.0,32.51225118103232,183.0,True,32.0
95DD09W1,590,13.3,11.7,12.990532229229581,590.0,True,11.0
95DD10W1,538,10.2,20.0,14.994908668178132,537.0,False,24.0
95DD11W1,154,16.0,28.3,34.87137295971786,154.0,True,40.0
95DD12W1,591,12.5,13.0,12.968644423883806,592.0,False,11.0
95DD13W1,222,17.1,26.4,28.960128968563453,222.0,True,34.0
95DD14S1,794,7.7,11.9,5.885926174056819,794.0,True,11.0
95DD14S2,869,8.6,6.6,3.355623154566477,869.0,True,4.0
95DD15W1,679,10.9,13.9,10.170493611752526,679.0,True,16.0
95DD16W1,642,11.6,10.4,11.333890537449797,642.0,True,10.0
95DD17W1,648,11.2,12.9,11.172022305151287,648.0,True,13.0
95DD18W1,228,15.2,23.1,28.65603046701005,228.0,True,28.999999999999996
95DD19S1,518,11.3,17.8,15.691437282819676,517.0,False,19.0
95DD19S2,692,11.7,12.1,9.62604260421818,692.0,True,10.0
95DD20W1,91,17.8,34.1,42.407776326079905,91.0,True,39.0
95DD21W1,537,14.2,13.0,14.99033915553873,538.0,False,16.0
95DD22S1,596,11.9,15.2,12.892816614434855,596.0,True,17.0
95DD22S2,342,16.4,19.1,22.52997786486859,342.0,True,23.0
95DD23W1,484,14.6,12.1,17.030819644972638,484.0,True,11.0
95DD24W1,734,7.1,15.8,7.95551770574169,734.0,True,16.0
95EE01W1,387,13.8,17.4,20.84892795868499,387.0,True,21.0
95EE02W1,382,14.4,20.8,21.02005254127606,382.0,True,28.999999999999996
95EE03W1,302,14.6,29.0,24.709947739932545,302.0,True,31.0
95EE04W1,483,14.0,16.3,17.061174876896573,482.0,False,20.0
95EE05W1,349,16.0,17.4,22.338113848167307,349.0,True,20.0
95EE06W1,581,11.3,14.7,13.363867513568925,581.0,True,20.0
95EE07W1,488,12.2,22.4,16.826395388879156,488.0,True,28.000000000000004
95EE08W1,677,9.7,18.4,10.256216368258123,677.0,True,18.0
95EE09W1,546,12.0,17.2,14.672893678466155,546.0,True,25.0
95EE10W1,566,11.3,14.9,13.970591915031127,566.0,True,21.0
95EE11W1,575,11.1,14.2,13.678205388232206,575.0,True,18.0
95EE12W1,204,17.2,26.1,30.297162321781585,204.0,True,36.0
95EE13W1,197,16.5,31.6,30.853588988785123,196.0,False,30.0
95EE14W1,533,12.2,19.1,15.134042618475352,533.0,True,21.0
95EE15W1,552,12.6,16.1,14.391072026007835,552.0,True,21.0
95EE16W1,444,14.5,16.0,18.317502832294654,444.0,True,18.0
95FF01S1,806,9.8,12.6,5.560366217753901,806.0,True,10.0
95FF01S2,805,10.3,10.6,5.606355605155959,805.0,True,10.0
95FF02W1,233,17.4,17.7,28.463530350605755,233.0,True,17.0
95FF03W1,430,13.4,19.6,18.84396165280471,429.0,False,24.0
95FF04W1,411,15.3,14.4,19.68120064975281,411.0,True,13.0
95FF05W1,502,13.8,18.6,16.296149842182363,502.0,True,23.0
95FF06S1,785,10.2,12.7,6.415002041969947,785.0,True,17.0
95FF06S2,797,9.6,10.7,5.833536501448361,797.0,True,9.0
95FF07W1,224,13.8,29.1,28.78734730342588,224.0,True,31.0
95FF08W1,503,10.8,23.3,16.24662814021251,503.0,True,22.0
95FF09W1,347,13.7,22.0,22.368684665271743,347.0,True,28.000000000000004
95FF10W1,520,14.5,13.8,15.60839858894976,520.0,True,13.0
95FF11W1,449,14.8,14.2,18.17847653770553,449.0,True,14.000000000000002
95FF12W1,496,12.8,18.4,16.54555650982018,496.0,True,18.0
95FF13W1,485,13.9,17.6,16.984169024233882,485.0,True,16.0
95FF14W1,639,12.3,13.4,11.494817591871938,639.0,True,12.0
95FF15W1,328,15.2,22.5,23.180072587996225,328.0,True,28.000000000000004
95FF16W1,672,11.0,17.8,10.291273100321128,672.0,True,16.0
95FF17W1,120,15.8,32.4,38.725054171446025,120.0,True,34.0
95GG01S1,388,8.5,29.8,20.83276237948879,388.0,True,31.0
95GG01S2,198,11.2,33.1,30.7599370305275,198.0,True,36.0
95GG01S3,320,12.8,26.3,23.901613676503366,320.0,True,34.0
95GG02S1,16,20.6,47.6,63.85081941072444,16.0,True,60.0
95GG02S2,4,24.6,48.4,70.80777998789061,4.0,True,60.0
95GG02S3,9,18.6,49.4,67.66563031406604,9.0,True,76.0
95GG03S1,811,8.0,10.9,5.49561737082068,811.0,True,12.0
95GG03S2,823,8.6,11.1,5.077696383595264,821.0,False,12.0
95GG03S3,601,10.7,15.6,12.789828359532871,601.0,True,21.0
95GG04S1,95,14.9,34.7,42.17724623650634,94.0,False,55.00000000000001
95GG04S2,78,12.5,40.0,44.74787974162832,78.0,True,61.0
95GG04S3,40,18.2,39.3,53.68024327165445,40.0,True,56.00000000000001
95GG05S1,579,9.2,17.9,13.435997232585095,579.0,True,21.0
95GG05S2,652,8.6,12.1,11.05705222719093,652.0,True,19.0
95GG05S3,270,15.0,19.8,25.927363014922825,270.0,True,33.0
95GG06S1,109,16.7,28.0,40.16676594533776,109.0,True,39.0
95GG06S2,268,11.7,26.4,26.24121852602245,268.0,True,27.0
95GG06S3,433,12.6,21.5,18.79447322425978,433.0,True,20.0
95GG07S1,121,10.3,37.5,38.650024426889026,121.0,True,41.0
95GG07S2,66,15.8,41.4,47.740666224690735,65.0,False,57.99999999999999
95GG07S3,181,12.1,32.8,32.643624204105095,181.0,True,42.0
95GG08S1,570,12.6,18.3,13.861955683449095,570.0,True,19.0
95GG08S2,123,17.6,30.0,38.29749050383852,123.0,True,39.0
95GG08S3,315,14.5,23.6,24.08350282041001,315.0,True,36.0
95GG09S1,890,5.7,7.1,1.3640735965732946,890.0,True,6.0
95GG09S2,747,7.3,15.0,7.603670188348144,747.0,True,15.0
95GG09S3,401,10.8,21.6,20.19007213872798,401.0,True,31.0
95GG10S1,58,20.3,26.6,49.24399935641945,58.0,True,33.0
95GG10S2,102,16.6,26.6,41.307079100227575,101.0,False,44.0
95GG11S1,139,15.4,26.0,36.67683598134273,139.0,True,40.0
95GG11S2,656,10.7,15.7,10.835845158533964,656.0,True,15.0
95GG11S3,215,15.1,23.4,29.37553053272266,215.0,True,31.0
95GG12S1,580,13.6,8.6,13.36857118903572,580.0,True,6.0
95GG12S2,457,12.1,6.4,17.865426938618548,460.0,False,9.0
95GG12S3,481,12.4,8.4,17.059974120210228,483.0,False,11.0
95GG12S4,189,17.4,15.7,31.84833445036221,189.0,True,13.0
95GG12S5,79,15.4,30.3,44.666749961011675,79.0,True,55.00000000000001
95GG13S1,119,16.2,33.0,38.95182762944604,119.0,True,34.0
95GG13S2,711,11.1,12.8,8.837134690721369,711.0,True,15.0
95GG13S3,463,11.2,22.2,17.735567996155353,463.0,True,32.0
95GG14S1,819,6.6,11.3,5.210673905659262,819.0,True,8.0
95GG14S2,736,12.0,11.0,7.929642150726536,736.0,True,8.0
95GG14S3,848,5.2,11.0,4.442676590930162,848.0,True,9.0
95GG15S1,873,6.2,7.9,3.203597148888793,874.0,False,6.0
95GG15S2,885,7.7,8.1,2.2100289967952667,885.0,True,8.0
95GG15S3,640,8.7,19.2,11.47110212007028,640.0,True,24.0
95GG16S1,122,15.8,30.0,38.480554110628134,122.0,True,44.0
95GG16S2,377,11.6,25.8,21.155581250066238,377.0,True,28.999999999999996
95GG16S3,559,9.6,18.0,14.210145411317018,559.0,True,28.000000000000004
95GG17S1,98,16.3,36.6,42.03211593385155,97.0,False,53.0
95GG17S2,515,9.6,21.5,15.724550580760457,515.0,True,25.0
95GG17S3,150,15.4,32.4,35.69761922868675,149.0,False,45.0
95GG18S1,50,18.5,42.5,51.32767750769094,50.0,True,70.0
95GG18S2,55,14.5,42.8,50.115241253492584,55.0,True,61.0
95GG19S1,24,20.3,46.7,60.964303531100654,24.0,True,62.0
95GG19S2,21,20.5,41.3,62.547786929445714,21.0,True,66.0
95GG20S1,49,19.6,33.7,51.61222009348851,48.0,False,57.99999999999999
95GG20S2,53,19.7,36.3,50.66650761366025,53.0,True,56.00000000000001
95GG21S1,41,15.6,45.4,53.37436681821105,41.0,True,69.0
95GG21S2,30,15.2,44.1,58.91808981722954,30.0,True,73.0
95GG21S3,29,17.9,44.9,59.02196656280781,29.0,True,69.0
95GG22S1,297,10.0,26.7,24.835162957372134,297.0,True,35.0
95GG22S2,393,9.1,28.3,20.471653517096286,393.0,True,30.0
95GG22S3,338,10.6,27.6,22.63148826671526,338.0,True,38.0
95GG23S1,856,7.6,11.0,4.057819093262562,856.0,True,8.0
95GG23S2,854,6.8,11.5,4.0868793595195925,854.0,True,10.0
95GG23S3,859,8.5,12.1,3.973066653408649,859.0,True,11.0
95GG24S1,685,6.9,19.5,10.033210760851086,685.0,True,17.0
95GG24S2,298,13.1,24.5,24.77929004026876,298.0,True,26.0
95GG24S3,611,9.9,18.0,12.357702401987138,611.0,True,18.0
95GG25S1,185,13.1,35.5,32.40862691993483,185.0,True,43.0
95GG25S2,267,11.9,29.8,26.32395390812304,267.0,True,49.0
95GG25S3,158,15.1,32.1,34.680837564190256,158.0,True,41.0
95GG26S1,87,13.8,35.5,42.9197798283458,87.0,True,48.0
95GG26S2,136,15.8,32.4,37.03027058671723,136.0,True,40.0
95GG27S1,391,7.0,26.8,20.75434441322389,391.0,True,25.0
95GG27S2,131,13.5,37.2,37.29077446984306,131.0,True,50.0
95GG27S3,162,12.5,34.9,34.390770262764235,162.0,True,49.0
95GG27S4,116,12.2,38.9,39.1987145375342,116.0,True,56.00000000000001
95GG28S1,522,11.0,17.1,15.520077049644309,522.0,True,18.0
95GG28S2,343,10.5,27.0,22.455550502391425,343.0,True,31.0
95GG28S3,60,19.0,36.5,48.74283929964843,60.0,True,51.0
95GG29S1,140,13.3,29.0,36.104670970999415,140.0,True,44.0
95GG29S2,350,13.3,19.9,22.220344173033904,350.0,True,30.0
95GG30S1,384,11.6,25.3,20.948319362350126,384.0,True,32.0
95GG30S2,882,8.0,8.3,2.389714392837056,882.0,True,8.0
95GG30S3,841,8.7,12.0,4.637317595866469,841.0,True,11.0
95GG31S1,763,7.0,15.4,7.271903256897215,762.0,False,22.0
95GG31S2,368,11.1,26.0,21.39123538207967,368.0,True,38.0
95GG31S3,76,15.7,39.4,44.96413513500166,76.0,True,57.99999999999999
95GG32S1,161,15.4,26.7,34.42069424444603,161.0,True,49.0
95GG32S2,88,17.3,35.7,42.787254003922065,88.0,True,39.0
95GG32S3,386,12.1,23.6,20.89788463559743,386.0,True,28.999999999999996
95GG33S1,849,6.5,7.6,4.431073498608653,850.0,False,4.0
95GG33S2,875,7.3,6.9,3.1275208125416403,875.0,True,5.0
95GG33S3,773,8.5,8.2,6.848744653428425,773.0,True,8.0
95GG34S1,256,16.4,25.9,27.001144496536014,256.0,True,30.0
95GG34S2,757,6.6,14.6,7.389897746611136,757.0,True,15.0
95GG34S3,820,6.5,9.9,5.144746398883621,820.0,True,11.0
95GG35S1,25,15.0,50.9,60.67320844659937,25.0,True,74.0
95GG35S2,7,18.8,59.4,68.03145551017063,8.0,False,67.0
95GG35S3,32,16.3,44.0,58.52464354989597,32.0,True,66.0
95GG36S1,667,9.9,13.8,10.455017094820311,666.0,False,21.0
95GG36S2,834,8.6,11.3,4.786587676095356,834.0,True,11.0
95GG36S3,813,7.4,13.6,5.447730859194832,813.0,True,13.0
95GG37S1,833,6.8,9.7,4.792446315052249,833.0,True,11.0
95GG37S2,668,8.8,13.1,10.436101789843445,668.0,True,17.0
95GG37S3,730,8.5,10.9,8.211252728002368,731.0,False,18.0
95GG38S1,846,10.3,9.9,4.504660586641129,846.0,True,13.0
95GG38S2,707,8.9,18.1,8.949864829655079,707.0,True,26.0
95GG38S3,881,5.4,9.5,2.4295949129514223,881.0,True,11.0
95GG39S1,163,12.6,31.9,34.26264217378154,163.0,True,49.0
95GG39S2,146,12.9,30.3,35.72515194476831,147.0,False,53.0
95GG39S3,67,17.0,35.6,47.71345975248646,67.0,True,52.0
95GG40S1,28,19.3,42.9,59.84934610772849,28.0,True,63.0
95GG40S2,18,17.2,47.4,63.327878052603126,18.0,True,73.0
95GG41S1,866,7.7,9.6,3.6742022778516623,866.0,True,3.0
95GG41S2,889,6.2,7.1,1.6156137216790136,889.0,True,4.0
95GG41S3,876,6.1,11.1,2.934742060996782,876.0,True,13.0
95GG42S1,887,7.5,6.6,2.0685721454779733,887.0,True,4.0
95GG42S2,888,1.7,2.0,1.897442429159524,888.0,True,2.0
95GG42S3,832,8.5,3.6,4.8710310244282775,832.0,True,5.0
95GG42S4,879,8.0,5.1,2.7634535129734936,879.0,True,7.000000000000001
95GG43S1,318,10.1,27.9,23.957855949210717,318.0,True,32.0
95GG43S2,627,9.8,14.3,11.916146502767091,627.0,True,19.0
95GG43S3,456,10.8,18.7,17.95611597037317,456.0,True,24.0
95GG44S1,80,14.6,31.2,44.57944882196389,81.0,False,55.00000000000001
95GG44S2,64,16.6,30.8,47.94087178225461,64.0,True,51.0
95GG45S1,843,6.6,9.0,4.589992773041777,843.0,True,5.0
95GG45S2,159,12.4,32.6,34.6196090550861,159.0,True,45.0
95GG45S3,720,9.4,16.8,8.425094854494617,720.0,True,20.0
95GG46S1,82,11.7,44.4,44.29113408303969,82.0,True,62.0
95GG46S2,77,11.1,43.5,44.76252353597599,77.0,True,56.00000000000001
95GG46S3,48,12.8,47.1,51.578975227835556,49.0,False,67.0
95GG47S1,15,17.9,47.7,63.87320556774916,15.0,True,61.0
95GG47S2,2,21.0,57.0,71.33572665985291,2.0,True,55.00000000000001
95GG47S3,56,16.8,42.1,50.11109871082154,56.0,True,49.0
95GG48S1,74,16.9,35.4,45.805343469378585,74.0,True,59.0
95GG48S2,23,14.4,51.3,61.41550847483902,23.0,True,90.0
95GG48S3,35,14.1,48.0,56.47710421319681,35.0,True,75.0
95GG49S1,822,8.3,8.3,5.075896670906596,823.0,False,11.0
95GG49S2,790,8.5,7.7,6.251113081022328,790.0,True,10.0
95GG49S3,482,13.9,10.3,17.064055127033292,481.0,False,16.0
95GG49S4,556,10.0,9.5,14.258647917333459,556.0,True,15.0
95GG50S1,155,15.7,24.0,34.688906880873134,157.0,False,35.0
95GG50S2,128,14.8,30.0,37.68411575398606,128.0,True,54.0
95GG50S3,96,16.3,28.0,42.03593016818729,96.0,True,40.0
95GG51S1,8,24.7,42.9,68.0669498644099,7.0,False,48.0
95GG51S2,12,20.6,45.3,65.0456365177195,12.0,True,47.0
95GG51S3,17,22.3,43.3,63.619778822221484,17.0,True,62.0
95HH01W1,605,11.1,17.5,12.63784033384918,605.0,True,18.0
95HH02S1,766,8.2,11.8,7.055155631162083,766.0,True,8.0
95HH02S2,810,9.3,11.7,5.505275034776902,810.0,True,3.0
95HH03W1,791,7.9,13.1,6.229950919608252,791.0,True,11.0
95HH04S1,774,6.6,12.2,6.803632447139924,774.0,True,9.0
95HH04S2,829,3.9,12.8,4.916790088475334,829.0,True,7.000000000000001
95HH05W1,286,12.7,25.9,25.337067346030388,286.0,True,28.000000000000004
95HH06S1,752,8.9,10.5,7.451066319544519,752.0,True,6.0
95HH06S2,617,11.7,16.3,12.264717355808374,617.0,True,12.0
95HH07W1,276,14.4,25.7,25.729142785459494,275.0,False,32.0
95HH08W1,783,8.0,11.6,6.5586959664257884,783.0,True,13.0
95HH09W1,252,13.0,29.0,27.134077637300322,252.0,True,31.0
95HH10W1,865,6.6,8.7,3.697642069747245,865.0,True,8.0
95HH11W1,173,11.6,34.4,33.3754771274511,173.0,True,38.0
95HH12W1,536,9.7,20.7,14.99811256401333,536.0,True,18.0
95HH13W1,65,19.2,31.0,47.722585397790475,66.0,False,45.0
95HH14W1,230,12.7,29.1,28.573745486536087,231.0,False,40.0
95HH15W1,609,10.2,16.6,12.42936546112141,609.0,True,21.0
95HH16W1,699,10.2,15.3,9.163076462573482,699.0,True,14.000000000000002
95HH17W1,644,11.9,12.0,11.268984645913179,644.0,True,12.0
95II01S1,784,9.7,11.9,6.517364089854227,784.0,True,9.0
95II01S2,827,7.7,9.4,4.958552841511361,827.0,True,6.0
95II02S1,853,6.7,10.9,4.199749033441898,853.0,True,6.0
95II02S2,733,7.9,16.5,8.01266931059791,733.0,True,20.0
95II02S3,549,10.0,23.1,14.630797855718319,549.0,True,20.0
95II03S1,880,6.4,7.7,2.7066848207123977,880.0,True,4.0
95II03S2,845,5.8,7.6,4.506037575424021,845.0,True,5.0
95II04S1,860,6.5,9.4,3.907051868310809,860.0,True,10.0
95II04S2,511,11.5,19.1,16.10057041277563,511.0,True,28.000000000000004
95II05S1,814,7.2,11.5,5.442906011575956,814.0,True,8.0
95II05S2,725,9.5,17.3,8.342832978407438,725.0,True,18.0
95II06S1,851,6.6,9.7,4.316188039212171,851.0,True,6.0
95II06S2,872,7.0,10.2,3.2432576992275455,872.0,True,10.0
95II07W1,241,10.4,28.2,27.68800552716979,241.0,True,32.0
95II08W1,687,9.9,16.1,9.867013097694892,687.0,True,16.0
95II09S1,807,8.9,12.6,5.547788911901894,807.0,True,10.0
95II09S2,838,7.2,12.3,4.692405971941374,837.0,False,9.0
95II10W1,371,10.8,22.7,21.283899398749902,371.0,True,31.0
95II11W1,883,5.1,10.1,2.3793982296810317,883.0,True,10.0
95II12W1,877,6.2,9.3,2.9050459596938203,877.0,True,6.0
95II13W1,410,13.0,21.3,19.72062125101456,410.0,True,27.0
95II14W1,884,7.4,8.1,2.296780240580304,884.0,True,5.0
95II15S1,870,7.0,6.8,3.2848427927001014,870.0,True,4.0
95II15S2,867,8.8,9.1,3.4783626003505876,867.0,True,6.0
95II16W1,615,6.4,18.8,12.277752085370603,615.0,True,22.0
95II17W1,641,9.9,19.2,11.406203351901716,641.0,True,19.0
95II18W1,293,9.9,26.3,24.945668606552648,293.0,True,32.0
95II19S1,821,8.3,8.9,5.077106953136011,822.0,False,5.0
95II19S2,740,7.6,14.2,7.8618281220671875,740.0,True,12.0
95II20W1,815,7.6,13.3,5.3488978002647025,815.0,True,15.0
95II21W1,248,13.0,28.1,27.273223745812867,249.0,False,34.0
95II22W1,614,11.0,16.3,12.295693084509125,614.0,True,15.0
95II23W1,836,7.5,12.4,4.717964598409278,836.0,True,15.0
95JJ01W1,550,13.7,13.6,14.606384123821677,550.0,True,17.0
95JJ02W1,213,17.1,26.6,29.448627322319993,213.0,True,27.0
95JJ03S1,31,25.6,43.9,58.73536888800195,31.0,True,59.0
95JJ03S2,160,16.1,29.9,34.44739423787701,160.0,True,32.0
95JJ04S1,373,15.9,17.2,21.19845483353133,373.0,True,23.0
95JJ04S2,450,16.1,16.3,18.08087811488993,451.0,False,17.0
95JJ05W1,137,17.5,28.2,36.96221983764404,137.0,True,43.0
95JJ06W1,172,15.7,30.8,33.5443275388049,172.0,True,40.0
95JJ07W1,157,16.6,31.0,34.691987445970824,156.0,False,45.0
95JJ08S1,337,13.3,22.4,22.710051266517027,337.0,True,19.0
95JJ08S2,793,10.5,9.6,5.951514338191184,793.0,True,12.0
95JJ09W1,547,14.1,14.6,14.658829935597316,547.0,True,16.0
95JJ10W1,272,18.5,19.1,25.78499113237332,272.0,True,28.000000000000004
95JJ11S1,626,12.3,17.5,11.998258300160408,626.0,True,23.0
95JJ11S2,593,14.2,12.7,12.919511390969154,593.0,True,14.000000000000002
95JJ12W1,407,15.3,20.8,19.77051970235946,407.0,True,27.0
95JJ13S1,542,14.4,17.9,14.887329265553333,542.0,True,17.0
95JJ13S2,665,13.2,15.8,10.464277107917392,665.0,True,11.0
95JJ14W1,458,14.0,19.1,17.933971414005903,457.0,False,21.0
95JJ15W1,471,13.8,20.9,17.445574981877595,471.0,True,15.0
95JJ16W1,253,16.2,26.7,27.02528071142567,254.0,False,33.0
95JJ17W1,341,16.0,17.7,22.543907554317002,341.0,True,20.0
95JJ18W1,105,20.4,30.8,40.90947611467152,105.0,True,32.0
95JJ19S1,835,7.7,7.5,4.766727893510128,835.0,True,8.0
95JJ19S2,861,7.7,7.6,3.9018509560380488,861.0,True,8.0
95JJ20S1,592,14.1,14.8,12.97139532751768,591.0,False,12.0
95JJ20S2,539,12.2,19.3,14.936291431840042,539.0,True,20.0
95JJ21W1,398,13.5,20.2,20.328728446472773,397.0,False,28.999999999999996
95JJ22W1,708,13.1,13.3,8.946442617633199,708.0,True,13.0
95KK01W1,206,15.2,25.9,30.11340938473188,206.0,True,39.0
95KK02W1,492,11.5,17.8,16.690147691322586,491.0,False,23.0
95KK03W1,271,15.4,19.0,25.80559505210702,271.0,True,27.0
95KK04W1,404,10.4,23.6,20.02418798984182,404.0,True,28.000000000000004
95KK05W1,314,14.7,20.4,24.12683971982175,314.0,True,32.0
95KK06W1,254,13.7,26.5,27.031570760165934,253.0,False,33.0
95KK07W1,434,11.5,17.2,18.739655951687688,439.0,False,16.0
95KK08W1,406,14.4,18.0,19.781433184481866,406.0,True,24.0
95KK09W1,390,12.3,22.3,20.784307493177106,390.0,True,28.000000000000004
95KK10W1,397,15.7,14.3,20.32581255967291,398.0,False,17.0
95KK11W1,296,15.1,23.5,24.87894343636957,296.0,True,28.000000000000004
95KK12W1,167,18.6,24.5,33.94597405516311,167.0,True,35.0
95KK13W1,478,13.7,17.1,17.24523574595721,478.0,True,18.0
95KK14W1,408,11.6,21.2,19.753081041272452,408.0,True,28.000000000000004
95KK15W1,531,10.4,17.4,15.259707958313411,531.0,True,21.0
95KK16W1,561,8.9,18.7,14.109349017754642,561.0,True,26.0
95LL01S1,649,10.2,16.7,11.1593902931082,649.0,True,16.0
95LL01S2,684,10.4,14.4,10.037333591447382,684.0,True,18.0
95LL02S1,583,13.2,15.1,13.303398562143862,583.0,True,15.0
95LL02S2,73,21.4,25.9,46.00567391143209,73.0,True,30.0
95LL03W1,200,15.7,24.1,30.583293314315927,200.0,True,36.0
95LL04W1,412,12.3,22.8,19.644400819684687,412.0,True,28.999999999999996
95LL05S1,825,9.5,8.9,5.026792244116383,825.0,True,9.0
95LL05S2,631,8.9,17.0,11.764606950586824,631.0,True,21.0
95LL06S1,423,14.8,17.2,19.045318491030375,423.0,True,13.0
95LL06S2,447,14.0,18.4,18.29892331602213,447.0,True,25.0
95LL07W1,62,21.6,27.5,48.52957347205056,62.0,True,40.0
95LL08S1,129,17.7,30.3,37.41334506485889,129.0,True,43.0
95LL08S2,108,17.9,28.6,40.191636806020504,108.0,True,36.0
95LL09S1,54,17.5,37.7,50.22471006434207,54.0,True,41.0
95LL09S2,179,11.2,34.6,32.74688423183004,179.0,True,40.0
95LL10S1,697,9.1,14.4,9.362596540691683,697.0,True,15.0
95LL10S2,608,10.8,14.1,12.467144540065648,608.0,True,16.0
95LL11S1,519,13.1,18.2,15.636162950940287,519.0,True,17.0
95LL11S2,727,10.8,10.6,8.308287297382236,727.0,True,11.0
95LL12S1,208,14.7,24.7,29.867119540342053,208.0,True,40.0
95LL12S2,52,17.2,38.4,50.90721060297203,52.0,True,60.0
95LL13S1,262,14.6,23.6,26.82827259158445,262.0,True,30.0
95LL13S2,81,16.2,33.7,44.616644555378784,80.0,False,53.0
95LL14S1,83,13.4,43.2,44.24431336678206,83.0,True,61.0
95LL14S2,351,12.8,24.9,22.11728773448642,351.0,True,33.0
95LL15S1,427,14.5,18.3,18.926717280374984,427.0,True,18.0
95LL15S2,682,7.1,17.1,10.096332101842984,682.0,True,15.0
95LL16S1,780,9.3,11.6,6.639753759519892,780.0,True,14.000000000000002
95LL16S2,616,12.0,13.2,12.277472847064274,616.0,True,20.0
95LL17W1,468,13.9,21.5,17.579247860768476,468.0,True,23.0
95LL18S1,678,9.2,14.8,10.254692071683849,678.0,True,14.000000000000002
95LL18S2,775,7.5,12.5,6.802600645306929,775.0,True,9.0
95LL19S1,746,9.3,14.1,7.6786899490003995,746.0,True,12.0
95LL19S2,689,12.6,12.7,9.721973977681177,689.0,True,13.0
95LL20W1,301,12.6,25.5,24.734755491241554,301.0,True,32.0
95LL21W1,417,14.4,19.3,19.41714311277504,417.0,True,28.000000000000004
95LL22W1,332,12.6,23.8,22.9772582966338,332.0,True,37.0
95LL23W1,164,17.1,27.5,34.17687107785805,164.0,True,34.0
95LL24S1,534,14.7,13.0,15.115005196813467,534.0,True,14.000000000000002
95LL24S2,577,10.9,16.7,13.49519964646029,577.0,True,23.0
95LL25S1,715,12.0,11.1,8.744841849987372,715.0,True,14.000000000000002
95LL25S2,767,10.5,11.4,7.011863419179084,767.0,True,8.0
95LL26S1,14,24.4,40.1,64.25391282690599,14.0,True,38.0
95LL26S2,772,8.9,14.4,6.903613852060978,772.0,True,13.0
95MM01S1,101,15.7,37.4,41.39625461397144,100.0,False,51.0
95MM01S2,545,15.2,15.7,14.67807337952662,545.0,True,22.0
95MM01S3,525,13.9,18.8,15.50295082208779,525.0,True,20.0
95MM02S1,621,11.1,19.9,12.186604763527178,621.0,True,26.0
95MM02S2,808,10.4,12.0,5.5295743652711105,808.0,True,11.0
95MM03W1,245,16.9,19.6,27.543946402555537,245.0,True,23.0
95MM04W1,196,13.0,35.8,30.85040431334904,197.0,False,44.0
95MM05W1,13,21.5,49.4,64.97774827881761,13.0,True,64.0
95MM06S1,226,13.1,32.3,28.71396393678819,226.0,True,41.0
95MM06S2,59,17.8,44.5,48.82798060176939,59.0,True,55.00000000000001
95MM07W1,287,13.1,28.7,25.276299458320384,287.0,True,37.0
95MM08S1,43,19.7,46.8,52.91735436410811,44.0,False,56.00000000000001
95MM08S2,633,9.5,18.0,11.752755848329423,633.0,True,18.0
95MM09S1,490,11.5,22.3,16.735649200059022,490.0,True,28.999999999999996
95MM09S2,340,14.3,19.0,22.57100697441476,340.0,True,20.0
95MM10S1,10,21.4,48.2,66.50126331917342,10.0,True,82.0
95MM10S2,69,19.0,39.5,47.23622112555935,69.0,True,64.0
95MM11W1,33,19.0,49.2,58.40033442361174,33.0,True,65.0
95MM12S1,142,18.0,30.4,35.96947740263185,142.0,True,34.0
95MM12S2,3,22.0,50.7,71.31017101003705,3.0,True,68.0
95MM12S3,149,17.0,30.4,35.70840998700424,148.0,False,47.0
95MM13S1,650,7.9,18.0,11.109868459235267,650.0,True,15.0
95MM13S2,22,19.9,47.1,62.38552430314529,22.0,True,65.0
95MM13S3,130,13.1,41.2,37.34432232432016,130.0,True,44.0
95MM13S4,300,14.3,25.6,24.738703551560274,300.0,True,47.0
95MM13S5,738,11.1,13.6,7.906986581499377,738.0,True,14.000000000000002
95MM14S1,416,13.2,26.0,19.423563868848618,416.0,True,22.0
95MM14S2,38,20.8,41.9,54.41222568277594,38.0,True,47.0
95MM15S1,421,14.3,22.0,19.241443622775588,421.0,True,20.0
95MM15S2,636,12.1,16.5,11.66251629003088,636.0,True,18.0
95MM16S1,180,17.1,26.6,32.65383164692894,180.0,True,45.0
95MM16S2,634,11.3,16.4,11.704125129190329,634.0,True,19.0
95MM17S1,713,9.3,17.8,8.830801399033001,713.0,True,17.0
95MM17S2,229,13.7,33.3,28.605906591694964,229.0,True,42.0
95MM18S1,470,13.1,19.1,17.47253960979732,470.0,True,31.0
95MM18S2,603,11.1,16.4,12.715714213736169,603.0,True,23.0
95MM19S1,630,8.9,19.5,11.827294049349652,630.0,True,17.0
95MM19S2,415,13.1,22.9,19.50078286384533,415.0,True,22.0
95MM20S1,274,13.4,32.0,25.774516969248417,273.0,False,34.0
95MM20S2,513,12.7,19.6,15.975919533746747,512.0,False,27.0
95MM21S1,278,14.7,26.2,25.70972026260043,277.0,False,27.0
95MM21S2,739,9.1,15.8,7.895374794275107,739.0,True,13.0
95MM22S1,419,12.0,21.8,19.372677358393783,419.0,True,27.0
95MM22S2,755,7.4,17.4,7.433610235959009,755.0,True,20.0
95MM23W1,68,19.2,39.0,47.519048089673035,68.0,True,46.0
95MM24W1,86,16.1,43.1,43.47188681540372,86.0,True,64.0
95MM25S1,19,18.7,51.3,62.840924741171385,19.0,True,66.0
95MM25S2,27,21.6,43.3,60.33400162180373,27.0,True,70.0
95MM25S3,51,20.1,40.5,51.30440551317715,51.0,True,48.0
95MM25S4,327,14.9,23.2,23.27122337193508,327.0,True,33.0
95MM26S1,144,16.4,32.8,35.78612810717403,144.0,True,47.0
95MM26S2,578,8.2,22.0,13.46585677542521,578.0,True,23.0
95MM27S1,5,23.2,51.9,69.45735238507568,5.0,True,59.0
95MM27S2,405,13.9,19.1,19.814232223437884,405.0,True,23.0
95MM28W1,6,23.0,51.5,68.35392809625682,6.0,True,60.0
95MM29W1,153,16.5,30.1,35.08379340426711,153.0,True,45.0
95MM30W1,45,19.7,45.0,52.43238045131712,45.0,True,64.0
95NN01S1,176,14.6,32.7,33.026630688469226,176.0,True,38.0
95NN01S2,305,14.4,24.7,24.616262722699496,304.0,False,26.0
95NN02W1,599,9.8,18.6,12.83537606846771,599.0,True,19.0
95NN03S1,396,15.5,21.0,20.34017615527383,395.0,False,18.0
95NN03S2,475,11.6,20.7,17.336643193402036,474.0,False,20.0
95NN04W1,115,14.3,34.6,39.32632968154041,114.0,False,49.0
95NN05W1,283,15.2,24.3,25.528369939938464,282.0,False,28.000000000000004
95NN06S1,235,11.3,28.3,28.38816357899454,235.0,True,35.0
95NN06S2,455,13.0,19.8,17.982153336073452,454.0,False,25.0
95NN07S1,352,11.6,25.2,22.06269720493547,352.0,True,26.0
95NN07S2,106,17.4,31.4,40.49175835557968,106.0,True,34.0
95NN08S1,669,10.7,15.1,10.422221737631642,669.0,True,16.0
95NN08S2,660,11.6,14.5,10.682658905815012,660.0,True,17.0
95NN09S1,716,10.6,9.8,8.547003169328189,716.0,True,9.0
95NN09S2,464,12.8,17.9,17.67638645432026,464.0,True,18.0
95NN10S1,442,10.3,26.8,18.55746190766231,442.0,True,25.0
95NN10S2,671,12.6,15.2,10.349528412098175,671.0,True,13.0
95NN11S1,364,13.0,22.4,21.55798337796348,363.0,False,22.0
95NN11S2,629,12.4,13.4,11.897654618395695,629.0,True,12.0
95NN12W1,321,15.9,21.0,23.789431232956495,321.0,True,26.0
95NN13W1,666,10.9,14.2,10.45385146779524,667.0,False,11.0
95NN14S1,217,15.9,24.6,29.045905195275697,217.0,True,25.0
95NN14S2,261,15.2,22.9,26.842902547415022,261.0,True,11.0
95NN15W1,381,13.9,20.0,21.0658144216879,380.0,False,26.0
95NN16S1,735,11.6,10.1,7.932081558191995,735.0,True,10.0
95NN16S2,693,11.1,12.9,9.496031400455704,693.0,True,10.0
95NN17W1,89,17.3,36.5,42.5963536901841,89.0,True,37.0
95NN18S1,186,13.3,33.7,32.38152927587174,186.0,True,28.000000000000004
95NN18S2,761,6.3,15.2,7.299985340258883,761.0,True,13.0
95NN19S1,771,8.9,15.9,6.921428799319348,771.0,True,12.0
95NN19S2,781,11.6,9.9,6.575460202604587,781.0,True,6.0
95NN20W1,429,13.2,17.3,18.83910268106833,430.0,False,15.0
95NN21W1,295,15.1,24.0,24.886091112123026,295.0,True,27.0
95NN22W1,474,11.4,16.8,17.321591546637244,475.0,False,19.0
95NN23S1,375,12.7,20.2,21.165451486073437,376.0,False,24.0
95NN23S2,372,15.8,20.1,21.272703562171287,372.0,True,28.000000000000004
95OO01W1,313,15.1,19.3,24.236505142371307,313.0,True,25.0
95OO02W1,479,14.0,13.4,17.13628187106189,480.0,False,15.0
95OO03W1,344,15.9,17.9,22.397071050438843,344.0,True,23.0
95OO04W1,232,17.3,22.6,28.53736915078429,232.0,True,27.0
95OO05W1,239,14.0,26.5,28.046896345502795,239.0,True,40.0
95OO06W1,494,14.3,14.6,16.5768369616876,494.0,True,18.0
95OO07W1,465,13.7,14.8,17.6293840496664,466.0,False,18.0
95OO08W1,625,11.4,15.4,12.050249902714844,625.0,True,18.0
95OO09W1,331,14.1,18.2,23.019252839232816,331.0,True,22.0
95OO10W1,329,13.0,26.1,23.037217360492097,329.0,True,42.0
95OO11W1,92,18.4,34.3,42.329662570139156,92.0,True,51.0
95OO12W1,360,12.9,23.2,21.80237184038832,360.0,True,32.0
95OO13W1,662,8.3,12.4,10.632316334585175,662.0,True,16.0
95OO14W1,425,15.7,16.1,18.975290837495702,425.0,True,22.0
95OO15W1,291,13.9,24.7,25.086051430843415,291.0,True,35.0
95OO16W1,431,13.3,16.7,18.820046807636498,431.0,True,19.0
95OO17W1,560,12.7,15.1,14.152584122022256,560.0,True,18.0
95OO18W1,624,9.7,15.3,12.074266284938824,624.0,True,17.0
95OO19W1,558,13.9,14.7,14.236315397484175,558.0,True,16.0
95OO20W1,586,11.8,15.7,13.154537094846003,586.0,True,19.0
95OO21W1,355,14.0,21.8,21.95860741164948,355.0,True,26.0
95OO22W1,476,13.3,18.2,17.290226660500267,476.0,True,32.0
95PP01W1,526,13.2,15.6,15.440458613595087,526.0,True,13.0
95PP02W1,238,17.0,16.7,28.084897597652247,238.0,True,22.0
95PP03W1,151,20.2,21.5,35.59887308234521,151.0,True,27.0
95PP04W1,399,15.2,14.3,20.27756412375548,399.0,True,16.0
95PP05W1,366,14.8,16.3,21.425266693236633,366.0,True,19.0
95PP06S1,357,12.2,23.3,21.929992761806204,357.0,True,27.0
95PP06S2,466,15.3,18.4,17.631833680761922,465.0,False,14.000000000000002
95PP07W1,436,14.3,17.1,18.758607716563706,435.0,False,19.0
95PP08W1,362,16.3,15.5,21.562304083703545,362.0,True,17.0
95PP09W1,44,20.6,39.4,52.93813464100797,43.0,False,46.0
95PP10W1,234,18.6,17.4,28.39086773066348,234.0,True,22.0
95PP11W1,216,14.0,28.9,29.32474120312337,216.0,True,31.0
95PP12W1,275,17.1,15.3,25.70892619639604,278.0,False,20.0
95PP13W1,143,18.4,29.2,35.8408144867737,143.0,True,39.0
95PP14S1,211,16.8,20.9,29.703216715620457,211.0,True,27.0
95PP14S2,392,15.5,16.8,20.59303853876753,392.0,True,18.0
95PP15W1,622,11.6,14.2,12.087309042545506,622.0,True,13.0
95PP16W1,413,15.1,14.4,19.629775388018334,413.0,True,11.0
95PP17W1,182,16.2,29.6,32.6426042613032,182.0,True,37.0
95PP18W1,394,15.6,17.0,20.42568575009089,394.0,True,17.0
95PP19W1,112,20.4,24.7,39.57380457000956,112.0,True,33.0
95PP20W1,214,17.2,22.5,29.412350804175873,214.0,True,27.0
95PP21W1,114,22.1,19.7,39.29013939358296,115.0,False,31.0
95PP22W1,409,13.2,22.5,19.752713351750412,409.0,True,22.0
95PP23W1,309,16.4,19.2,24.531592955459246,309.0,True,19.0
95QQ01W1,156,15.6,32.4,34.7001962029162,155.0,False,40.0
95QQ02W1,612,11.0,13.4,12.299009158937976,612.0,True,12.0
95QQ03W1,104,18.6,31.9,41.170724350050506,104.0,True,40.0
95QQ04W1,367,12.1,24.9,21.407658542425754,367.0,True,30.0
95QQ05W1,729,10.5,13.6,8.240036061083044,729.0,True,9.0
95QQ06W1,369,12.5,22.8,21.35646579300652,369.0,True,27.0
95QQ07W1,192,14.6,29.3,31.759940109460477,192.0,True,30.0
95QQ08W1,209,12.0,33.8,29.795216269240246,209.0,True,38.0
95QQ09W1,595,9.9,20.1,12.906725676851494,595.0,True,19.0
95QQ10W1,281,14.5,15.0,25.492606590392533,283.0,False,18.0
95QQ11W1,555,13.5,15.0,14.313343755026374,555.0,True,12.0
95QQ12W1,441,11.8,24.1,18.663717247758356,441.0,True,21.0
95QQ13W1,514,11.0,15.0,15.784054618527522,514.0,True,12.0
95QQ14S1,728,9.8,11.9,8.293469418530385,728.0,True,13.0
95QQ14S2,568,12.3,13.9,13.900672002218387,568.0,True,10.0
95QQ15W1,292,15.7,22.7,24.95679383709147,292.0,True,23.0
95RR01S1,414,15.9,19.9,19.574705772250585,414.0,True,20.0
95RR01S2,493,12.2,16.7,16.644539714550408,493.0,True,18.0
95RR02W1,251,14.8,27.0,27.227374352441807,251.0,True,26.0
95RR03W1,34,18.9,47.0,57.57368929928405,34.0,True,54.0
95RR04W1,145,20.1,30.2,35.730693125431294,146.0,False,40.0
95RR05S1,610,10.2,20.6,12.36882688199671,610.0,True,13.0
95RR05S2,127,15.8,34.3,37.79178481938826,127.0,True,40.0
95RR06W1,203,19.1,21.3,30.405738962352423,203.0,True,27.0
95RR07W1,446,14.1,18.9,18.299367186365473,446.0,True,20.0
95RR08W1,365,13.9,19.4,21.478335429666142,365.0,True,20.0
95RR09S1,290,14.9,26.3,25.1504954186065,289.0,False,31.0
95RR09S2,265,16.6,19.9,26.498465924210937,265.0,True,12.0
95RR10W1,11,20.4,51.7,66.14427713958729,11.0,True,59.0
95RR11W1,491,11.1,14.5,16.68964977817487,492.0,False,18.0
95RR12W1,348,13.5,24.7,22.352803299507368,348.0,True,24.0
95RR13W1,191,13.9,34.5,31.78290141827599,191.0,True,36.0
95RR14W1,194,19.0,23.2,31.206575989550515,194.0,True,31.0
95RR15W1,440,13.5,21.8,18.73758534350213,440.0,True,30.0
95SS01S1,673,9.2,8.5,10.273153909900774,676.0,False,8.0
95SS01S2,695,10.9,13.1,9.458618203387951,696.0,False,9.0
95SS02S1,655,9.6,13.6,10.843063296461807,655.0,True,8.0
95SS02S2,844,7.0,7.2,4.515811074614634,844.0,True,4.0
95SS03S1,700,10.3,8.0,9.117304720484327,700.0,True,9.0
95SS03S2,659,9.6,8.7,10.783091307083557,659.0,True,5.0
95SS04S1,361,12.5,23.8,21.63463396909162,361.0,True,22.0
95SS04S2,535,11.6,17.6,15.111021933521531,535.0,True,20.0
95SS04S3,723,10.2,11.3,8.355205406268894,723.0,True,12.0
95SS05S1,509,11.6,20.1,16.136318152132546,509.0,True,18.0
95SS05S2,837,8.1,8.3,4.691675242731043,838.0,False,8.0
95SS06S1,63,13.5,42.5,47.99761963785655,63.0,True,60.0
95SS06S2,20,16.8,49.9,62.7934169291008,20.0,True,65.0
95SS06S3,26,17.1,44.4,60.4405709951999,26.0,True,73.0
95SS07S1,487,10.8,18.0,16.85966391708871,487.0,True,45.0
95SS07S2,554,11.7,18.9,14.32542082975194,554.0,True,17.0
95SS07S3,567,11.4,18.8,13.95572797275137,567.0,True,21.0
95SS08S1,769,9.9,10.8,6.9583149742183155,769.0,True,7.000000000000001
95SS08S2,675,10.6,12.8,10.284733670117756,673.0,False,12.0
95SS09S1,764,8.8,6.3,7.241870633151775,764.0,True,5.0
95SS09S2,709,10.7,10.5,8.897057450407951,709.0,True,8.0
95SS10S1,572,12.6,18.5,13.831895768532787,572.0,True,20.0
95SS10S2,831,7.5,10.9,4.892830511718658,831.0,True,8.0
95SS11S1,703,9.6,12.7,9.0444561325002,703.0,True,13.0
95SS11S2,645,10.3,12.1,11.241764623197543,646.0,False,9.0
95SS12W1,852,7.4,12.0,4.272940640199784,852.0,True,11.0
95SS13S1,190,16.2,23.5,31.789294510478324,190.0,True,27.0
95SS13S2,202,17.8,23.6,30.465585704871334,202.0,True,31.0
95SS14S1,277,11.6,28.4,25.716628515300346,276.0,False,42.0
95SS14S2,690,12.4,12.2,9.721461617111741,690.0,True,19.0
95SS15S1,862,10.0,9.5,3.901263972157826,862.0,True,9.0
95SS15S2,812,8.5,8.1,5.46372489813665,812.0,True,6.0
95SS16S1,553,8.7,22.1,14.357122557272634,553.0,True,24.0
95SS16S2,107,12.1,41.5,40.43942772299307,107.0,True,55.00000000000001
95SS17S1,576,11.2,16.4,13.569266945644488,576.0,True,17.0
95SS17S2,346,12.1,22.0,22.38079196861156,346.0,True,26.0
95SS18S1,246,14.6,26.2,27.45984644689044,246.0,True,33.0
95SS18S2,380,13.5,25.0,21.08591281877252,379.0,False,30.0
95SS19S1,606,11.1,15.3,12.564546061252026,606.0,True,17.0
95SS19S2,359,12.7,19.2,21.826937278752244,359.0,True,28.999999999999996
95SS20W1,809,8.8,12.6,5.518800435236487,809.0,True,11.0
95SS21S1,712,10.5,10.0,8.836250692395193,712.0,True,7.000000000000001
95SS21S2,742,9.1,10.7,7.816282239140653,742.0,True,10.0
95SS22S1,753,11.0,11.6,7.450041874816331,753.0,True,6.0
95SS22S2,857,6.5,12.0,4.010354034256638,857.0,True,9.0
95SS23S1,787,10.3,11.1,6.36105202894906,787.0,True,8.0
95SS23S2,646,9.8,14.9,11.243296917770223,645.0,False,14.000000000000002
95SS24S1,804,9.7,8.9,5.638154956153443,804.0,True,8.0
95SS24S2,796,9.0,12.7,5.864520384154365,796.0,True,12.0
95SS25W1,118,16.8,29.7,38.985734393147666,118.0,True,50.0
95SS26S1,39,16.2,44.5,54.162965846796766,39.0,True,52.0
95SS26S2,454,11.3,24.0,17.98676062657946,453.0,False,28.000000000000004
95SS27W1,418,12.2,22.9,19.3974334886386,418.0,True,25.0
95SS28W1,282,13.4,25.1,25.564209794712333,281.0,False,32.0
95SS29S1,42,17.7,42.7,53.15256266049454,42.0,True,63.0
95SS29S2,36,18.8,46.6,55.952443386447705,36.0,True,64.0
95SS30S1,858,4.8,4.6,3.9963248997418725,858.0,True,3.0
95SS30S2,842,7.8,10.1,4.631215945794856,842.0,True,5.0
95TT01W1,664,10.8,12.3,10.558572906635726,664.0,True,18.0
95TT02W1,541,13.6,16.7,14.903297775543388,541.0,True,23.0
95TT03S1,453,11.1,19.3,17.988926625026657,452.0,False,27.0
95TT03S2,607,12.0,17.6,12.519188676218215,607.0,True,17.0
95TT04W1,389,15.5,19.5,20.805741723289664,389.0,True,20.0
95TT05S1,688,11.7,13.8,9.793555783119668,688.0,True,12.0
95TT05S2,227,13.8,28.2,28.69821014110257,227.0,True,37.0
95TT06W1,589,11.8,16.0,13.038230218899788,589.0,True,20.0
95TT07W1,674,9.7,13.0,10.284417063214109,674.0,True,13.0
95TT08W1,563,13.3,13.0,14.043995128810588,563.0,True,17.0
95TT09S1,527,11.4,16.3,15.410946174879433,528.0,False,22.0
95TT09S2,661,11.3,11.5,10.634721769169614,661.0,True,14.000000000000002
95TT10W1,255,16.2,23.4,27.011679947244406,255.0,True,36.0
95TT11S1,562,13.7,16.3,14.085271079664201,562.0,True,20.0
95TT11S2,459,14.4,14.5,17.902068280740416,459.0,True,19.0
95TT12W1,582,11.1,16.2,13.323072860236095,582.0,True,20.0
95TT13S1,435,15.2,17.0,18.77474782129523,434.0,False,21.0
95TT13S2,218,15.0,26.4,29.040994323715594,218.0,True,32.0
95TT14W1,544,11.3,19.2,14.86564590217758,543.0,False,22.0
95TT15W1,358,15.7,17.9,21.918546891012223,358.0,True,23.0
95TT16W1,510,14.1,16.4,16.118163047066304,510.0,True,20.0
95UU06W1,584,11.7,20.3,13.293258755333127,584.0,True,23.0
95UU09W1,543,13.4,16.7,14.863804215463967,544.0,False,19.0
95UU14W1,221,16.6,27.2,29.02959407591599,219.0,False,37.0
95UU99C1,169,18.5,24.0,33.89494331936708,169.0,True,35.0
95UU99C2,177,18.9,24.3,32.893841698081324,177.0,True,36.0
95UU99C3,460,13.9,18.5,17.919134230036722,458.0,False,21.0
95UU99C4,210,18.0,19.1,29.71710303325821,210.0,True,22.0
95UU99C5,499,13.6,16.8,16.42306236784937,499.0,True,23.0
95UU99C6,124,20.7,26.2,38.14323897545203,124.0,True,33.0
95VV01S1,363,16.2,16.0,21.556610365585176,364.0,False,19.0
95VV01S2,187,18.6,23.5,31.9874400697001,187.0,True,30.0
95VV02W1,93,14.7,37.2,42.24460013094736,93.0,True,52.0
95VV03W1,132,14.6,31.9,37.28799268297194,132.0,True,40.0
95VV04W1,335,17.1,16.7,22.73386450649526,334.0,False,18.0
95VV05S1,473,14.9,15.7,17.35166987540509,473.0,True,17.0
95VV05S2,663,13.4,11.5,10.605904796159416,663.0,True,12.0
95VV06W1,260,17.4,23.6,26.881171011197292,260.0,True,33.0
95VV07S1,133,17.7,29.8,37.28563490866631,133.0,True,36.0
95VV07S2,619,13.0,17.8,12.255169772252684,619.0,True,21.0
95VV08W1,72,27.0,26.4,46.17878038865457,72.0,True,41.0
95VV09W1,57,25.7,33.1,49.4758508986695,57.0,True,52.0
95VV10S1,171,12.0,32.1,33.760818732324765,171.0,True,52.0
95VV10S2,75,17.5,34.0,45.67017277400519,75.0,True,39.0
95VV11S1,686,12.0,14.5,10.028191571079203,686.0,True,21.0
95VV11S2,557,14.5,16.4,14.254031045822167,557.0,True,20.0
95VV12S1,147,18.4,24.2,35.73742895953692,145.0,False,44.0
95VV12S2,237,15.3,27.0,28.175584778142134,237.0,True,39.0
95VV13S1,334,16.8,15.8,22.717424069382762,335.0,False,18.0
95VV13S2,504,14.9,14.9,16.211255329627342,504.0,True,19.0
95VV14S1,326,14.6,23.5,23.301869301264965,326.0,True,27.0
95VV14S2,279,16.4,21.1,25.632731159838066,279.0,True,23.0
95VV15S1,70,19.2,34.8,46.68529895576916,70.0,True,54.0
95VV15S2,551,9.7,19.7,14.400880540492889,551.0,True,25.0
95VV16W1,243,17.6,22.5,27.64415028113024,243.0,True,27.0
95VV17S1,249,17.9,21.8,27.2726680510956,250.0,False,39.0
95VV17S2,100,25.9,24.2,41.21969519628741,103.0,False,35.0
95VV18S1,540,13.6,16.9,14.911235678688952,540.0,True,18.0
95VV18S2,258,12.7,28.7,26.939674727461462,257.0,False,34.0
95VV19S1,500,11.4,19.6,16.33611478980356,500.0,True,25.0
95VV19S2,113,18.3,32.2,39.47800840753919,113.0,True,34.0
95VV20W1,336,14.7,17.8,22.716162926575475,336.0,True,20.0
95VV21S1,378,16.6,17.3,21.12427851998216,378.0,True,25.0
95VV21S2,587,11.7,12.7,13.093661184654849,588.0,False,14.000000000000002
95VV22W1,111,22.3,20.3,39.73389839847362,111.0,True,28.000000000000004
95VV23W1,385,15.5,18.9,20.904244094770515,385.0,True,23.0
95VV24S1,620,13.4,15.0,12.190844321652406,620.0,True,18.0
95VV24S2,244,16.4,25.3,27.57429315040156,244.0,True,35.0
95VV25S1,94,25.9,25.0,42.0521689526754,95.0,False,41.0
95VV25S2,220,20.3,18.7,28.98797536158285,221.0,False,24.0
95VV26W1,284,17.8,18.2,25.449194584319148,284.0,True,27.0
95VV27W1,207,14.0,27.1,30.054545793342943,207.0,True,35.0
95VV28S1,400,13.2,22.7,20.26538997498757,400.0,True,25.0
95VV28S2,126,17.6,29.6,37.9892981206031,125.0,False,34.0
95VV29W1,322,18.1,15.0,23.594969041143813,322.0,True,20.0
95VV30S1,710,9.9,16.2,8.86740535410614,710.0,True,13.0
95VV30S2,370,12.3,23.0,21.336966268237166,370.0,True,33.0
95WW01S1,451,11.2,23.6,18.08299450571587,450.0,False,23.0
95WW01S2,428,13.3,19.9,18.888567596737595,428.0,True,22.0
95WW02S1,489,11.8,22.7,16.816307405473058,489.0,True,26.0
95WW02S2,571,13.6,15.6,13.851877262268541,571.0,True,21.0
95WW03S1,324,12.3,25.6,23.48746885770257,324.0,True,31.0
95WW03S2,732,8.9,14.4,8.086063178963572,732.0,True,11.0
95WW04S1,486,11.0,19.1,16.923827105174805,486.0,True,24.0
95WW04S2,654,8.7,17.0,10.883362731159178,654.0,True,11.0
95WW05S1,705,8.0,13.3,9.036241120824963,705.0,True,14.000000000000002
95WW05S2,507,9.9,21.1,16.155461313059913,507.0,True,24.0
95WW06S1,653,10.7,10.1,11.035184522395486,653.0,True,9.0
95WW06S2,800,9.7,10.1,5.704520553171609,800.0,True,8.0
95WW07S1,777,8.6,10.8,6.772045426641628,777.0,True,9.0
95WW07S2,748,7.0,12.2,7.537793793562656,748.0,True,9.0
95WW08S1,754,7.3,14.0,7.44400403659577,754.0,True,14.000000000000002
95WW08S2,759,6.4,14.3,7.335791447405313,759.0,True,14.000000000000002
95WW09S1,165,15.1,30.4,34.15544640264889,165.0,True,42.0
95WW09S2,782,4.8,13.6,6.568100866667069,782.0,True,7.000000000000001
95WW10S1,618,10.0,16.9,12.258242487930175,618.0,True,23.0
95WW10S2,469,10.9,23.1,17.507216628330617,469.0,True,28.000000000000004
95WW11S1,802,8.6,9.9,5.677015088301415,802.0,True,8.0
95WW11S2,760,6.8,13.1,7.315161437255652,760.0,True,11.0
95WW12W1,103,16.5,34.7,41.29036437430186,102.0,False,39.0
95WW13S1,799,9.2,10.7,5.788737676298151,799.0,True,11.0
95WW13S2,694,11.8,11.3,9.491175403132276,694.0,True,10.0
95WW14W1,84,17.2,35.1,43.95934969632406,84.0,True,50.0
95WW15S1,724,9.7,14.1,8.34843684536076,724.0,True,15.0
95WW15S2,826,8.2,11.5,5.014617961224913,826.0,True,10.0
95WW16S1,638,7.2,14.6,11.536801995783929,638.0,True,17.0
95WW16S2,195,14.3,28.5,31.04399416124811,195.0,True,31.0
95WW17W1,495,9.0,21.9,16.551127664039306,495.0,True,22.0
95WW18W1,517,11.6,16.9,15.699707540561981,516.0,False,19.0
95WW19S1,779,9.6,14.9,6.6698397141119905,779.0,True,12.0
95WW19S2,878,6.9,6.8,2.852216988603908,878.0,True,3.0
95WW19S3,871,7.9,6.9,3.2822257887967945,871.0,True,3.0
95WW20S1,745,9.5,12.6,7.733261251389379,745.0,True,11.0
95WW20S2,792,9.1,8.4,6.0546679205769625,792.0,True,9.0
95WW20S3,839,6.3,9.5,4.68840303538952,839.0,True,6.0
95WW21S1,117,15.6,32.2,39.175190891853156,117.0,True,45.0
95WW21S2,462,12.7,18.3,17.779998645788975,462.0,True,25.0
95WW22S1,722,8.4,12.4,8.379634149257445,722.0,True,15.0
95WW22S2,193,12.5,28.5,31.54732012762871,193.0,True,41.0
95WW23S1,628,10.5,17.2,11.908920412331204,628.0,True,21.0
95WW23S2,886,5.8,4.6,2.133991112628778,886.0,True,4.0
95WW24S1,319,12.5,25.8,23.94392870323378,319.0,True,31.0
95WW24S2,184,14.7,28.5,32.459675150184815,184.0,True,45.0
95WW25W1,135,15.8,33.8,37.04142327941329,135.0,True,38.0
95XX01S1,863,7.7,10.0,3.796515506475209,863.0,True,6.0
95XX01S2,830,10.5,10.9,4.894256789068129,830.0,True,7.000000000000001
95XX01S3,737,11.0,13.6,7.910319786692171,737.0,True,9.0
95XX02W1,840,10.6,8.5,4.679278496385304,840.0,True,7.000000000000001
95XX03S1,751,9.4,12.2,7.489152152676463,751.0,True,8.0
95XX03S2,847,10.4,8.9,4.458009491125914,847.0,True,6.0
95XX04S1,864,8.0,9.0,3.770400003119078,864.0,True,7.000000000000001
95XX04S2,714,10.2,15.1,8.813452454953842,714.0,True,15.0
95XX05W1,585,11.8,17.2,13.18782399977205,585.0,True,19.0
95XX06S1,354,14.4,20.7,21.993465858254318,354.0,True,28.999999999999996
95XX06S2,523,13.3,17.8,15.514646404150357,523.0,True,16.0
95XX07S1,726,11.5,15.0,8.335079517255283,726.0,True,10.0
95XX07S2,868,8.6,10.9,3.4069706393704164,868.0,True,12.0
95XX08S1,776,10.2,12.1,6.78080836236778,776.0,True,10.0
95XX08S2,789,10.1,13.5,6.292142071777965,789.0,True,7.000000000000001
95XX09S1,798,8.3,14.4,5.820229228939124,798.0,True,18.0
95XX09S2,788,10.8,13.6,6.3126774383199455,788.0,True,14.000000000000002
95XX10S1,307,17.1,19.6,24.565976841335758,307.0,True,27.0
95XX10S2,702,11.4,10.8,9.071363718758452,702.0,True,9.0
95XX10S3,356,14.6,19.3,21.93936744046973,356.0,True,26.0
95XX11S1,497,14.2,16.5,16.481931273573792,497.0,True,20.0
95XX11S2,602,11.9,14.2,12.758575273177067,602.0,True,15.0
95XX11S3,134,17.8,28.1,37.18325466408414,134.0,True,38.0
95XX12W1,756,9.6,12.0,7.408092485190163,756.0,True,6.0
95XX13W1,824,7.6,9.7,5.061232536151773,824.0,True,5.0
95XX14W1,762,9.1,8.1,7.271669808218942,763.0,False,4.0
95XX15W1,317,13.0,24.9,23.965193038116606,317.0,True,34.0
95XX16W1,768,10.3,14.2,7.000916686318098,768.0,True,11.0
95XX17S1,174,16.2,27.2,33.28489249323247,174.0,True,28.000000000000004
95XX17S2,632,12.2,15.0,11.758597107090672,632.0,True,16.0
95XX18W1,647,13.0,12.6,11.221795048240148,647.0,True,16.0
95XX19W1,816,9.0,10.4,5.340633991898033,816.0,True,8.0
95XX20S1,250,16.4,23.9,27.274475112318733,248.0,False,25.0
95XX20S2,480,15.1,8.4,17.14128433961588,479.0,False,6.0
95XX21W1,818,9.7,13.8,5.254477257905181,818.0,True,10.0
95XX22W1,532,14.2,17.0,15.163758907217058,532.0,True,15.0
95XX23W1,530,12.4,15.9,15.28718850434875,530.0,True,19.0
95XX24S1,855,7.0,10.8,4.081963588271163,855.0,True,5.0
95XX24S2,731,11.3,15.6,8.212437867790497,730.0,False,12.0
95XX25W1,242,16.0,23.5,27.660684588753693,242.0,True,32.0
95YY01W1,422,13.1,17.6,19.23572659659485,422.0,True,24.0
95YY02W1,312,13.1,29.2,24.307497214769974,312.0,True,31.0
95YY03W1,461,13.4,15.2,17.784439728352623,461.0,True,16.0
95YY04W1,438,11.9,24.0,18.752017714641454,437.0,False,28.999999999999996
95YY05W1,316,13.6,27.3,24.053105095462577,316.0,True,24.0
95YY06W1,383,10.7,24.4,20.998301526711387,383.0,True,31.0
95YY07W1,395,13.8,19.6,20.33664511717113,396.0,False,28.999999999999996
95YY08W1,311,14.4,21.4,24.40828080518327,311.0,True,28.000000000000004
95YY09W1,323,11.5,28.2,23.554592161325708,323.0,True,17.0
95YY10W1,512,11.9,15.5,15.956941023823543,513.0,False,12.0
95YY11W1,138,17.7,32.0,36.726315804049,138.0,True,34.0
95YY12W1,573,12.6,15.0,13.76699337996802,573.0,True,19.0
95YY13S1,529,9.9,21.4,15.395546343651398,529.0,True,37.0
95YY13S2,188,13.7,33.0,31.893093273500472,188.0,True,36.0
95YY14S1,264,15.1,24.0,26.556525656038247,264.0,True,27.0
95YY14S2,445,12.4,21.8,18.30723413941213,445.0,True,25.0
95YY15S1,47,21.3,41.7,51.66613903686483,47.0,True,13.0
95YY15S2,46,18.8,41.3,52.0179809001849,46.0,True,49.0
95YY16W1,452,11.4,17.3,17.97151786495686,455.0,False,18.0
95YY17W1,257,16.0,19.4,26.935898368217007,258.0,False,22.0
95YY18W1,289,13.4,20.8,25.104439669060632,290.0,False,28.000000000000004
95YY19W1,168,14.8,33.9,33.939817292737075,168.0,True,28.999999999999996
95YY20W1,280,14.9,23.3,25.618691364445645,280.0,True,26.0
95YY21W1,379,13.6,15.4,21.06274383216462,381.0,False,18.0
95ZZ01W1,376,14.1,21.2,21.167261188947162,375.0,False,27.0
95ZZ02W1,37,20.7,44.6,54.43601762237555,37.0,True,57.99999999999999
95ZZ03W1,152,14.8,37.1,35.10519867045563,152.0,True,49.0
95ZZ04W1,333,13.9,22.1,22.936090090624138,333.0,True,28.000000000000004
95ZZ05W1,148,18.2,25.4,35.68478946380327,150.0,False,32.0
95ZZ06W1,1,25.8,53.0,75.19204448526636,1.0,True,72.0
95ZZ07W1,166,18.1,27.7,34.05898712547771,166.0,True,37.0
95ZZ08W1,90,19.3,29.3,42.461715935722175,90.0,True,39.0
95ZZ09W1,201,14.3,30.3,30.520837379052388,201.0,True,39.0
95ZZ10W1,141,18.0,30.6,36.069078405554954,141.0,True,35.0
95ZZ11W1,304,13.7,20.1,24.605884898342897,305.0,False,24.0
95ZZ12W1,175,14.4,31.6,33.24017433632207,175.0,True,36.0
95ZZ13W1,299,14.7,21.4,24.7510900538909,299.0,True,25.0
95ZZ14S1,236,13.6,31.0,28.23416121750807,236.0,True,36.0
95ZZ14S2,477,12.3,23.6,17.28983880913663,477.0,True,22.0
95ZZ15W1,266,15.4,23.3,26.488169489107985,266.0,True,31.0
95ZZ16S1,205,17.7,24.7,30.275606680945078,205.0,True,34.0
95ZZ16S2,170,14.3,38.4,33.84558938403281,170.0,True,39.0
